Workbook
Name FG_GolesLocal: WORLDCUP!$AC$4:$AC$97
Name FG_GolesVisitante: WORLDCUP!$AD$4:$AD$97
Name FGLocal: WORLDCUP!$AA$4:$AA$97
Name FGVisitante: WORLDCUP!$AF$4:$AF$97
Name Ganador: WORLDCUP!$D$4:$D$97
Name Part1Empate1L: WORLDCUP!$E$4:$E$97
Name Part1Empate1V: WORLDCUP!$F$4:$F$97
Name Part1Empate2L: WORLDCUP!$H$4:$H$97
Name Part1Empate2V: WORLDCUP!$I$4:$I$97
Name Part1Empate3L: WORLDCUP!$K$4:$K$97
Name Part1Empate3V: WORLDCUP!$L$4:$L$97
Name Part2Empate4L: WORLDCUP!$N$4:$N$97
Name Part2Empate4V: WORLDCUP!$O$4:$O$97
Name Part2Empate5L: WORLDCUP!$Q$4:$Q$97
Name Part2Empate5V: WORLDCUP!$R$4:$R$97
Name Part2Empate6L: WORLDCUP!$T$4:$T$97
Name Part2Empate6V: WORLDCUP!$U$4:$U$97

Sheet Home
B3: =Idiomas!D8 -> XXIII Mundial USA/MEX/CAN 2026
C5: ="📋 "&Idiomas!D7 -> 📋 Selecciona idioma
C6: Español | K6: =Idiomas!D4 -> Introducir resultados
C7: ="🕒 "&Idiomas!D15 -> 🕒 Selecciona horario
C8: España | K8: Fixture
C9: ="✍️ "&Idiomas!D46 -> ✍️ Escribe tu nombre
C10: =Idiomas!D45 -> Nombre | K10: Help
E16: =HYPERLINK(Idiomas!D10,Idiomas!D5) -> Si quieres organizar una porra (quiniela) con tu grupo puedes descargar el archivo de adminsitrador desde el enlace de abajo
E17: =HYPERLINK(Idiomas!D10,Idiomas!D9) -> ▼ Descargar Excel Administrador Porra ▼ | K17: Video►Tutorial
E21: Share:
E22: Whatsapp | F22: Telegram | G22: Mail | H22: X | I22: in
K23: © Miguel Angel Tejero. 2026 | L23: =+Idiomas!D12 -> Donar
B24: =Idiomas!D11 -> *Versión provisional hasta que se conozcan todos los participantes en marzo 2026
AGA59: {=IF(AND($BZ$59:$BZ$60=$BZ$59,$BZ$60<>$BZ$61,$BZ$61<>$BZ$62,$BZ$62<>$BZ$63,$BZ$63:$BZ$64=$BZ$63,$CB$59:$CB$60=$CB$59,$CB$63:$CB$64=$CB$63,$CC$59:$CC$60=$CC$59,$CC$63<>$CC$64,$CD$59:$CD$60=$CD$59),1,0)} -> 0 | AGB59: {=IF(AND($BZ$59:$BZ$60=$BZ$59,$BZ$60<>$BZ$61,$BZ$61<>$BZ$62,$BZ$62<>$BZ$63,$BZ$63:$BZ$64=$BZ$63,$CB$59:$CB$60=$CB$59,$CB$63:$CB$64=$CB$63,$CC$59<>$CC$60,$CC$63:$CC$64=$CC$63,$CD$63:$CD$64=$CD$63),1,0)} -> 0 | AGC59: {=IF(AND($BZ$59:$BZ$60=$BZ$59,$BZ$60<>$BZ$61,$BZ$61<>$BZ$62,$BZ$62<>$BZ$63,$BZ$63:$BZ$64=$BZ$63,$CB$59:$CB$60=$CB$59,$CB$63:$CB$64=$CB$63,$CC$59<>$CC$60,$CC$63<>$CC$64),1,0)} -> 0
CC60: 5 | AGA60: {=IF(AND($BZ$59:$BZ$60=$BZ$60,$BZ$60<>$BZ$61,$BZ$61<>$BZ$62,$BZ$62<>$BZ$63,$BZ$63:$BZ$64=$BZ$63,$CB$59:$CB$60=$CB$60,$CB$63:$CB$64=$CB$63,$CC$59:$CC$60=$CC$60,$CC$63<>$CC$64,$CD$59:$CD$60=$CD$60),1,0)} -> 0 | AGB60: {=IF(AND($BZ$59:$BZ$60=$BZ$60,$BZ$60<>$BZ$61,$BZ$61<>$BZ$62,$BZ$62<>$BZ$63,$BZ$63:$BZ$64=$BZ$63,$CB$59:$CB$60=$CB$60,$CB$63:$CB$64=$CB$63,$CC$59<>$CC$60,$CC$63:$CC$64=$CC$63,$CD$63:$CD$64=$CD$63),1,0)} -> 0 | AGC60: {=IF(AND($BZ$59:$BZ$60=$BZ$60,$BZ$60<>$BZ$61,$BZ$61<>$BZ$62,$BZ$62<>$BZ$63,$BZ$63:$BZ$64=$BZ$63,$CB$59:$CB$60=$CB$60,$CB$63:$CB$64=$CB$63,$CC$59<>$CC$60,$CC$63<>$CC$64),1,0)} -> 0
JW61: {=IF(AND($BZ$59:$BZ$64=$BZ$61,$CB$59:$CB$64=$CB$61,$CC$59:$CC$60=$CC$60,$CC$60<>$CC$61,$CC$61:$CC$64=$CC$61,$CD$59:$CD$60=$CD$60,$CD$61<>$CD$62,$CD$62:$CD$64=$CD$62),1,0)} -> 0 | AGA61: {=IF(AND($BZ$59:$BZ$60=$BZ$60,$BZ$60<>$BZ$61,$BZ$61<>$BZ$62,$BZ$62<>$BZ$63,$BZ$63:$BZ$64=$BZ$63,$CB$59:$CB$60=$CB$60,$CB$63:$CB$64=$CB$63,$CC$59:$CC$60=$CC$60,$CC$63<>$CC$64,$CD$59:$CD$60=$CD$60),1,0)} -> 0 | AGB61: {=IF(AND($BZ$59:$BZ$60=$BZ$60,$BZ$60<>$BZ$61,$BZ$61<>$BZ$62,$BZ$62<>$BZ$63,$BZ$63:$BZ$64=$BZ$63,$CB$59:$CB$60=$CB$60,$CB$63:$CB$64=$CB$63,$CC$59<>$CC$60,$CC$63:$CC$64=$CC$63,$CD$63:$CD$64=$CD$63),1,0)} -> 0 | AGC61: {=IF(AND($BZ$59:$BZ$60=$BZ$60,$BZ$60<>$BZ$61,$BZ$61<>$BZ$62,$BZ$62<>$BZ$63,$BZ$63:$BZ$64=$BZ$63,$CB$59:$CB$60=$CB$60,$CB$63:$CB$64=$CB$63,$CC$59<>$CC$60,$CC$63<>$CC$64),1,0)} -> 0
JW62: {=IF(AND($BZ$59:$BZ$64=$BZ$62,$CB$59:$CB$64=$CB$62,$CC$59:$CC$60=$CC$60,$CC$60<>$CC$61,$CC$61:$CC$64=$CC$62,$CD$59:$CD$60=$CD$60,$CD$61<>$CD$62,$CD$62:$CD$64=$CD$62),1,0)} -> 0 | AFW62: {=IF(AND($BZ$59:$BZ$60=$BZ$60,$BZ$60<>$BZ$61,$BZ$61<>$BZ$62,$BZ$62:$BZ$64=$BZ$62,$CB$59:$CB$60=$CB$60,$CB$62:$CB$64=$CB$62,$CC$59<>$CC$60,$CC$62:$CC$64=$CC$62,$CD$62:$CD$64=$CD$62),1,0)} -> 0 | AFX62: {=IF(AND($BZ$59:$BZ$60=$BZ$60,$BZ$60<>$BZ$61,$BZ$61<>$BZ$62,$BZ$62:$BZ$64=$BZ$62,$CB$59:$CB$60=$CB$60,$CB$62:$CB$64=$CB$62,$CC$59<>$CC$60,$CC$62:$CC$64=$CC$62,$CD$62:$CD$64=$CD$62),1,0)} -> 0 | AGA62: {=IF(AND($BZ$59:$BZ$60=$BZ$60,$BZ$60<>$BZ$61,$BZ$61<>$BZ$62,$BZ$62<>$BZ$63,$BZ$63:$BZ$64=$BZ$63,$CB$59:$CB$60=$CB$60,$CB$63:$CB$64=$CB$63,$CC$59:$CC$60=$CC$60,$CC$63<>$CC$64,$CD$59:$CD$60=$CD$60),1,0)} -> 0 | AGB62: {=IF(AND($BZ$59:$BZ$60=$BZ$60,$BZ$60<>$BZ$61,$BZ$61<>$BZ$62,$BZ$62<>$BZ$63,$BZ$63:$BZ$64=$BZ$63,$CB$59:$CB$60=$CB$60,$CB$63:$CB$64=$CB$63,$CC$59<>$CC$60,$CC$63:$CC$64=$CC$63,$CD$63:$CD$64=$CD$63),1,0)} -> 0 | AGC62: {=IF(AND($BZ$59:$BZ$60=$BZ$60,$BZ$60<>$BZ$61,$BZ$61<>$BZ$62,$BZ$62<>$BZ$63,$BZ$63:$BZ$64=$BZ$63,$CB$59:$CB$60=$CB$60,$CB$63:$CB$64=$CB$63,$CC$59<>$CC$60,$CC$63<>$CC$64),1,0)} -> 0
JW63: {=IF(AND($BZ$59:$BZ$64=$BZ$63,$CB$59:$CB$64=$CB$63,$CC$59:$CC$60=$CC$60,$CC$60<>$CC$61,$CC$61:$CC$64=$CC$62,$CD$59:$CD$60=$CD$60,$CD$61<>$CD$62,$CD$62:$CD$64=$CD$63),1,0)} -> 0 | AFW63: {=IF(AND($BZ$59:$BZ$60=$BZ$60,$BZ$60<>$BZ$61,$BZ$61<>$BZ$62,$BZ$62:$BZ$64=$BZ$63,$CB$59:$CB$60=$CB$60,$CB$62:$CB$64=$CB$63,$CC$59<>$CC$60,$CC$62:$CC$64=$CC$63,$CD$62:$CD$64=$CD$63),1,0)} -> 0 | AFX63: {=IF(AND($BZ$59:$BZ$60=$BZ$60,$BZ$60<>$BZ$61,$BZ$61<>$BZ$62,$BZ$62:$BZ$64=$BZ$63,$CB$59:$CB$60=$CB$60,$CB$62:$CB$64=$CB$63,$CC$59<>$CC$60,$CC$62:$CC$64=$CC$63,$CD$62:$CD$64=$CD$63),1,0)} -> 0 | AGA63: {=IF(AND($BZ$59:$BZ$60=$BZ$60,$BZ$60<>$BZ$61,$BZ$61<>$BZ$62,$BZ$62<>$BZ$63,$BZ$63:$BZ$64=$BZ$63,$CB$59:$CB$60=$CB$60,$CB$63:$CB$64=$CB$63,$CC$59:$CC$60=$CC$60,$CC$63<>$CC$64,$CD$59:$CD$60=$CD$60),1,0)} -> 0 | AGB63: {=IF(AND($BZ$59:$BZ$60=$BZ$60,$BZ$60<>$BZ$61,$BZ$61<>$BZ$62,$BZ$62<>$BZ$63,$BZ$63:$BZ$64=$BZ$63,$CB$59:$CB$60=$CB$60,$CB$63:$CB$64=$CB$63,$CC$59<>$CC$60,$CC$63:$CC$64=$CC$63,$CD$63:$CD$64=$CD$63),1,0)} -> 0 | AGC63: {=IF(AND($BZ$59:$BZ$60=$BZ$60,$BZ$60<>$BZ$61,$BZ$61<>$BZ$62,$BZ$62<>$BZ$63,$BZ$63:$BZ$64=$BZ$63,$CB$59:$CB$60=$CB$60,$CB$63:$CB$64=$CB$63,$CC$59<>$CC$60,$CC$63<>$CC$64),1,0)} -> 0
CC64: 1 | JW64: {=IF(AND($BZ$59:$BZ$64=$BZ$64,$CB$59:$CB$64=$CB$64,$CC$59:$CC$60=$CC$60,$CC$60<>$CC$61,$CC$61:$CC$64=$CC$62,$CD$59:$CD$60=$CD$60,$CD$61<>$CD$62,$CD$62:$CD$64=$CD$64),1,0)} -> 0 | AFW64: {=IF(AND($BZ$59:$BZ$60=$BZ$60,$BZ$60<>$BZ$61,$BZ$61<>$BZ$62,$BZ$62:$BZ$64=$BZ$64,$CB$59:$CB$60=$CB$60,$CB$62:$CB$64=$CB$64,$CC$59<>$CC$60,$CC$62:$CC$64=$CC$64,$CD$62:$CD$64=$CD$64),1,0)} -> 0 | AFX64: {=IF(AND($BZ$59:$BZ$60=$BZ$60,$BZ$60<>$BZ$61,$BZ$61<>$BZ$62,$BZ$62:$BZ$64=$BZ$64,$CB$59:$CB$60=$CB$60,$CB$62:$CB$64=$CB$64,$CC$59<>$CC$60,$CC$62:$CC$64=$CC$64,$CD$62:$CD$64=$CD$64),1,0)} -> 0 | AGA64: {=IF(AND($BZ$59:$BZ$60=$BZ$60,$BZ$60<>$BZ$61,$BZ$61<>$BZ$62,$BZ$62<>$BZ$63,$BZ$63:$BZ$64=$BZ$64,$CB$59:$CB$60=$CB$60,$CB$63:$CB$64=$CB$64,$CC$59:$CC$60=$CC$60,$CC$63<>$CC$64,$CD$59:$CD$60=$CD$60),1,0)} -> 0 | AGB64: {=IF(AND($BZ$59:$BZ$60=$BZ$60,$BZ$60<>$BZ$61,$BZ$61<>$BZ$62,$BZ$62<>$BZ$63,$BZ$63:$BZ$64=$BZ$64,$CB$59:$CB$60=$CB$60,$CB$63:$CB$64=$CB$64,$CC$59<>$CC$60,$CC$63:$CC$64=$CC$64,$CD$63:$CD$64=$CD$64),1,0)} -> 0 | AGC64: {=IF(AND($BZ$59:$BZ$60=$BZ$60,$BZ$60<>$BZ$61,$BZ$61<>$BZ$62,$BZ$62<>$BZ$63,$BZ$63:$BZ$64=$BZ$64,$CB$59:$CB$60=$CB$60,$CB$63:$CB$64=$CB$64,$CC$59<>$CC$60,$CC$63<>$CC$64),1,0)} -> 0 | AGU64: {=IF(AND($BZ$59<>$BZ$60,$BZ$60:$BZ$64=$BZ$64,$CB$60:$CB$64=$CB$64,$CC$60<>$CC$61,$CC$61<>$CC$62,$CC$62<>$CC$63,$CC$63:$CC$64=$CC$64,$CD$63:$CD$64=$CD$64),1,0)} -> 0 | AGV64: {=IF(AND($BZ$59<>$BZ$60,$BZ$60:$BZ$64=$BZ$64,$CB$60:$CB$64=$CB$64,$CC$60<>$CC$61,$CC$61<>$CC$62,$CC$62<>$CC$63,$CC$63<>$CC$64),1,0)} -> 0

Sheet WORLDCUP
W1: =Idiomas!D8 -> XXIII Mundial USA/MEX/CAN 2026 | AL1: =HYPERLINK(Idiomas!D10,Idiomas!D9) -> ▼ Descargar Excel Administrador Porra ▼ | AV1: Video►Tutorial | DL1: Horarios!$P$3
D3: WINNER | E3: Empate1L | F3: Empate1V | H3: Empate2L | I3: Empate2V | K3: Empate3L | L3: Empate3V | N3: Empate4L | O3: Empate4V | Q3: Empate5L | R3: Empate5V | T3: Empate6L | U3: Empate6V | X3: =Idiomas!D17 -> Fecha | Y3: =Idiomas!D18 -> Hora | Z3: =Idiomas!D19 -> Jor. | AA3: =Idiomas!D20 -> Casa | AC3: =Idiomas!D21 -> Gol | AD3: =Idiomas!D21 -> Gol | AF3: =Idiomas!D22 -> Fuera | AJ3: =Idiomas!D23 -> Grupo | AV3: =Idiomas!D24 -> ¡EMPATE! Puedes seleccionar el orden de los empatados. | AY3: =Idiomas!D72 -> ¿Hay equipos penalizados? | AZ3: No | MCA3: matejero
A4: NombreEquipo | B4: A | C4: =COUNTIF(Equipos!$C$2:$C$49,WORLDCUP!B4) -> 4 | D4: =IF(OR(AC4="",AD4=""),"Pendiente",IF(AC4>AD4,"Local",IF(AC4<AD4,"Visitante","Empate"))) -> Local | E4: =IF(D4="Pendiente","-",INDEX($BR$6:$BR$53,MATCH($AA4,$BD$6:$BD$53,0))) -> - | F4: =IF(D4="Pendiente","-",INDEX($BR$6:$BR$53,MATCH($AF4,$BD$6:$BD$53,0))) -> - | H4: =IF(D4="Pendiente","-",INDEX($BX$6:$BX$53,MATCH($AA4,$BD$6:$BD$53,0))) -> - | I4: =IF(D4="Pendiente","-",INDEX($BX$6:$BX$53,MATCH($AF4,$BD$6:$BD$53,0))) -> - | K4: =IF(D4="Pendiente","-",INDEX($CC$6:$CC$53,MATCH($AA4,$BD$6:$BD$53,0))) -> - | L4: =IF(D4="Pendiente","-",INDEX($CC$6:$CC$53,MATCH($AF4,$BD$6:$BD$53,0))) -> - | N4: =IF(D4="Pendiente","-",INDEX($CF$6:$CF$53,MATCH($AA4,$BD$6:$BD$53,0))) -> - | O4: =IF(D4="Pendiente","-",INDEX($CF$6:$CF$53,MATCH($AF4,$BD$6:$BD$53,0))) -> - | Q4: =IF(D4="Pendiente","-",INDEX($CL$6:$CL$53,MATCH($AA4,$BD$6:$BD$53,0))) -> - | R4: =IF(D4="Pendiente","-",INDEX($CL$6:$CL$53,MATCH($AF4,$BD$6:$BD$53,0))) -> - | T4: =IF(D4="Pendiente","-",INDEX($CQ$6:$CQ$53,MATCH($AA4,$BD$6:$BD$53,0))) -> - | U4: =IF(D4="Pendiente","-",INDEX($CQ$6:$CQ$53,MATCH($AF4,$BD$6:$BD$53,0))) -> - | W4: A | X4: =Horarios!C4 -> 46184.875 | Y4: =Horarios!C4 -> 46184.875 | Z4: =Idiomas!D61 -> J1 | AA4: =+A5 -> México | AB4: =+INDEX(Equipos!$L$2:$L$49,MATCH(WORLDCUP!AA4,Equipos!$K$2:$K$49,0)) -> 🇲🇽 | AC4: 2 | AD4: 1 | AE4: =+INDEX(Equipos!$L$2:$L$49,MATCH(WORLDCUP!AF4,Equipos!$K$2:$K$49,0)) -> 🇿🇦 | AF4: =A6 -> Sudáfrica | AG4: =IF(NOT(OR(ISBLANK(AC4),ISBLANK(AD4))),1,0) -> 1 | AH4: 1 | AJ4: =CONCATENATE(AJ3," ",B4) -> Grupo A | AV4: =IF(AU5>0,$AV$3,"") | DA4: En Grupos por bombo, en terceros por orden alfa
A5: =+Equipos!B2 -> México | D5: =IF(OR(AC5="",AD5=""),"Pendiente",IF(AC5>AD5,"Local",IF(AC5<AD5,"Visitante","Empate"))) -> Empate | E5: =IF(D5="Pendiente","-",INDEX($BR$6:$BR$53,MATCH($AA5,$BD$6:$BD$53,0))) -> P.3 (2) | F5: =IF(D5="Pendiente","-",INDEX($BR$6:$BR$53,MATCH($AF5,$BD$6:$BD$53,0))) -> P.3 (2) | H5: =IF(D5="Pendiente","-",INDEX($BX$6:$BX$53,MATCH($AA5,$BD$6:$BD$53,0))) -> P.3 (2) | I5: =IF(D5="Pendiente","-",INDEX($BX$6:$BX$53,MATCH($AF5,$BD$6:$BD$53,0))) -> P.3 (2) | K5: =IF(D5="Pendiente","-",INDEX($CC$6:$CC$53,MATCH($AA5,$BD$6:$BD$53,0))) -> P.3 (2) | L5: =IF(D5="Pendiente","-",INDEX($CC$6:$CC$53,MATCH($AF5,$BD$6:$BD$53,0))) -> P.3 (2) | N5: =IF(D5="Pendiente","-",INDEX($CF$6:$CF$53,MATCH($AA5,$BD$6:$BD$53,0))) -> P.3 (2) | O5: =IF(D5="Pendiente","-",INDEX($CF$6:$CF$53,MATCH($AF5,$BD$6:$BD$53,0))) -> P.3 (2) | Q5: =IF(D5="Pendiente","-",INDEX($CL$6:$CL$53,MATCH($AA5,$BD$6:$BD$53,0))) -> P.3 (2) | R5: =IF(D5="Pendiente","-",INDEX($CL$6:$CL$53,MATCH($AF5,$BD$6:$BD$53,0))) -> P.3 (2) | T5: =IF(D5="Pendiente","-",INDEX($CQ$6:$CQ$53,MATCH($AA5,$BD$6:$BD$53,0))) -> P.3 (2) | U5: =IF(D5="Pendiente","-",INDEX($CQ$6:$CQ$53,MATCH($AF5,$BD$6:$BD$53,0))) -> P.3 (2) | X5: =Horarios!C5 -> 46185.167 | Y5: =Horarios!C5 -> 46185.167 | Z5: =$Z$4 -> J1 | AA5: =A7 -> Corea del Sur | AB5: =+INDEX(Equipos!$L$2:$L$49,MATCH(WORLDCUP!AA5,Equipos!$K$2:$K$49,0)) -> 🇰🇷 | AC5: 1 | AD5: 1 | AE5: =+INDEX(Equipos!$L$2:$L$49,MATCH(WORLDCUP!AF5,Equipos!$K$2:$K$49,0)) | AF5: =A8 -> PO D: DEN/MKD/CZE/IRL | AG5: =IF(NOT(OR(ISBLANK(AC5),ISBLANK(AD5))),1,0) -> 1 | AH5: 2 | AJ5: =Idiomas!D51 -> Pos | AL5: =Idiomas!D52 -> Selección | AM5: =Idiomas!D53 -> Pts | AN5: =Idiomas!D54 -> J | AO5: =Idiomas!D55 -> G | AP5: =Idiomas!D56 -> E | AQ5: =Idiomas!D57 -> P | AR5: =Idiomas!D58 -> GF | AS5: =Idiomas!D59 -> GC | AT5: =Idiomas!D60 -> DG | AU5: =COUNTIF(AU6:AU9,">1") -> 0 | AY5: =AL5 -> Selección | AZ5: =+Idiomas!$D$67 -> Puntos penalizados | BC5: =Idiomas!D23 -> Grupo | BD5: =Idiomas!D52 -> Selección | BE5: =+AM5 -> Pts | BF5: =+AN5 -> J | BG5: =+AO5 -> G | BH5: =+AP5 -> E | BI5: =+AQ5 -> P | BJ5: =+AR5 -> GF | BK5: =+AS5 -> GC | BL5: =+AT5 -> DG | BM5: PosF1 | BN5: PosF3 | BP5: PTS | BQ5: Posicion1 | BR5: Empate1 | BS5: PGPart1 | BT5: PEPart1 | BU5: PPPart1 | BV5: PTSPart1 | BW5: Posicion2 | BX5: Empate2 | BY5: GFPart1 | BZ5: GCPart1 | CA5: DGPArt1 | CB5: Posicion3 | CC5: Empate3 | CD5: GFPart1 | CE5: Posicion4 | CF5: Empate4 | CG5: PGPart2 | CH5: PEPart2 | CI5: PPPart2 | CJ5: PTSPart2 | CK5: Posicion5 | CL5: Empate5 | CM5: GFPart2 | CN5: GCPart2 | CO5: DGPArt2 | CP5: Posicion6 | CQ5: Empate6 | CR5: GFPart2 | CS5: Posicion7 | CT5: Empate7 | CU5: DG | CV5: Posicion8 | CW5: Empate8 | CX5: GF | CY5: Posicion9 | CZ5: Empate9 | DA5: OrdenAlfa/Bombo | DB5: PosicionF1 | DD5: PosicionF2 | DE5: Criterio/Fila | DF5: PosicionF3 | DH5: POS | DI5: Numero Partidos disputados grupo | DJ5: CANT | DK5: CONCAT | DL5: DESEMPATE EN SELECTOR | DN5: POSGRUPO | DO5: PAIS
A6: =+Equipos!B3 -> Sudáfrica | D6: =IF(OR(AC6="",AD6=""),"Pendiente",IF(AC6>AD6,"Local",IF(AC6<AD6,"Visitante","Empate"))) -> Empate | E6: =IF(D6="Pendiente","-",INDEX($BR$6:$BR$53,MATCH($AA6,$BD$6:$BD$53,0))) -> P.3 (2) | F6: =IF(D6="Pendiente","-",INDEX($BR$6:$BR$53,MATCH($AF6,$BD$6:$BD$53,0))) -> - | H6: =IF(D6="Pendiente","-",INDEX($BX$6:$BX$53,MATCH($AA6,$BD$6:$BD$53,0))) -> P.3 (2) | I6: =IF(D6="Pendiente","-",INDEX($BX$6:$BX$53,MATCH($AF6,$BD$6:$BD$53,0))) -> - | K6: =IF(D6="Pendiente","-",INDEX($CC$6:$CC$53,MATCH($AA6,$BD$6:$BD$53,0))) -> P.3 (2) | L6: =IF(D6="Pendiente","-",INDEX($CC$6:$CC$53,MATCH($AF6,$BD$6:$BD$53,0))) -> - | N6: =IF(D6="Pendiente","-",INDEX($CF$6:$CF$53,MATCH($AA6,$BD$6:$BD$53,0))) -> P.3 (2) | O6: =IF(D6="Pendiente","-",INDEX($CF$6:$CF$53,MATCH($AF6,$BD$6:$BD$53,0))) -> - | Q6: =IF(D6="Pendiente","-",INDEX($CL$6:$CL$53,MATCH($AA6,$BD$6:$BD$53,0))) -> P.3 (2) | R6: =IF(D6="Pendiente","-",INDEX($CL$6:$CL$53,MATCH($AF6,$BD$6:$BD$53,0))) -> - | T6: =IF(D6="Pendiente","-",INDEX($CQ$6:$CQ$53,MATCH($AA6,$BD$6:$BD$53,0))) -> P.3 (2) | U6: =IF(D6="Pendiente","-",INDEX($CQ$6:$CQ$53,MATCH($AF6,$BD$6:$BD$53,0))) -> - | X6: =Horarios!C6 -> 46191.75 | Y6: =Horarios!C6 -> 46191.75 | Z6: =Idiomas!D62 -> J2 | AA6: =A8 -> PO D: DEN/MKD/CZE/IRL | AB6: =+INDEX(Equipos!$L$2:$L$49,MATCH(WORLDCUP!AA6,Equipos!$K$2:$K$49,0)) | AC6: 1 | AD6: 1 | AE6: =+INDEX(Equipos!$L$2:$L$49,MATCH(WORLDCUP!AF6,Equipos!$K$2:$K$49,0)) -> 🇿🇦 | AF6: =A6 -> Sudáfrica | AG6: =IF(NOT(OR(ISBLANK(AC6),ISBLANK(AD6))),1,0) -> 1 | AH6: 25 | AI6: =AJ6&$B$4 -> 1A | AJ6: 1 | AK6: =+INDEX(Equipos!$L$2:$L$49,MATCH(WORLDCUP!AL6,Equipos!$K$2:$K$49,0)) -> 🇲🇽 | AL6: =IFERROR(INDEX($BD$6:$BD$53,MATCH(AI6,$BN$6:$BN$53,0)),"") -> México | AM6: =INDEX($BE$6:$BN$53,MATCH($AL6,$BD$6:$BD$53,0),MATCH(AM$5,$BE$5:$BN$5,0)) -> 7 | AN6: =INDEX($BE$6:$BN$53,MATCH($AL6,$BD$6:$BD$53,0),MATCH(AN$5,$BE$5:$BN$5,0)) -> 3 | AO6: =INDEX($BE$6:$BN$53,MATCH($AL6,$BD$6:$BD$53,0),MATCH(AO$5,$BE$5:$BN$5,0)) -> 2 | AP6: =INDEX($BE$6:$BN$53,MATCH($AL6,$BD$6:$BD$53,0),MATCH(AP$5,$BE$5:$BN$5,0)) -> 1 | AQ6: =INDEX($BE$6:$BN$53,MATCH($AL6,$BD$6:$BD$53,0),MATCH(AQ$5,$BE$5:$BN$5,0)) -> 0 | AR6: =INDEX($BE$6:$BN$53,MATCH($AL6,$BD$6:$BD$53,0),MATCH(AR$5,$BE$5:$BN$5,0)) -> 3 | AS6: =INDEX($BE$6:$BN$53,MATCH($AL6,$BD$6:$BD$53,0),MATCH(AS$5,$BE$5:$BN$5,0)) -> 1 | AT6: =INDEX($BE$6:$BN$53,MATCH($AL6,$BD$6:$BD$53,0),MATCH(AT$5,$BE$5:$BN$5,0)) -> 2 | AU6: =INDEX($DJ$6:$DJ$53,MATCH(AI6,$DN$6:$DN$53,0)) -> 1 | AV6: =INDEX($BD$6:$BD$53,MATCH(AI6,$BM$6:$BM$53,0)) -> México | AY6: =+A5 -> México | BC6: =+INDEX(T_Equipos[Grupo],MATCH(WORLDCUP!BD6,T_Equipos[NombreEquipo],0)) -> A | BD6: =+Equipos!B2 -> México | BE6: =+BG6*3+BH6+IF($AZ$3="No",0,INDEX($AZ$6:$AZ$97,MATCH(BD6,$AY$6:$AY$97,0))) -> 7 | BF6: =+BG6+BH6+BI6 -> 3 | BG6: =+COUNTIFS(FGLocal,BD6,Ganador,"Local")+COUNTIFS(FGVisitante,BD6,Ganador,"Visitante") -> 2 | BH6: =+COUNTIFS(FGLocal,BD6,Ganador,"Empate")+COUNTIFS(FGVisitante,BD6,Ganador,"Empate") -> 1 | BI6: =+COUNTIFS(FGVisitante,BD6,Ganador,"Local")+COUNTIFS(FGLocal,BD6,Ganador,"Visitante") -> 0 | BJ6: =+SUMIFS(FG_GolesLocal,FGLocal,BD6,Ganador,"<>"&"Pendiente",FG_GolesLocal,"<>"&"",FG_GolesVisitante,"<>"&"")+SUMIFS(FG_GolesVisitante,FGVisitante,BD6,Ganador,"<>"&"Pendiente",FG_GolesLocal,"<>"&"",FG_GolesVisitante,"<>"&"") -> 3 | BK6: =+SUMIFS(FG_GolesLocal,FGVisitante,BD6,Ganador,"<>"&"Pendiente",FG_GolesLocal,"<>"&"",FG_GolesVisitante,"<>"&"")+SUMIFS(FG_GolesVisitante,FGLocal,BD6,Ganador,"<>"&"Pendiente",FG_GolesLocal,"<>"&"",FG_GolesVisitante,"<>"&"") -> 1 | BL6: =+BJ6-BK6 -> 2 | BM6: =DB6&BC6 -> 1A | BN6: =DF6&BC6 -> 1A | BP6: =+BE6 -> 7 | BQ6: =COUNTIFS($BE$6:$BE$53,">"&BE6,$BC$6:$BC$53,INDEX(T_Equipos[Grupo],MATCH(BD6,T_Equipos[NombreEquipo],0)))+1 -> 1 | BR6: =IF(COUNTIFS($BQ$6:$BQ$53,BQ6,$BC$6:$BC$53,INDEX(T_Equipos[Grupo],MATCH(BD6,T_Equipos[NombreEquipo],0)))=1,"-","P."&BQ6&" ("&COUNTIFS($BQ$6:$BQ$53,BQ6,$BC$6:$BC$53,INDEX(T_Equipos[Grupo],MATCH(BD6,T_Equipos[NombreEquipo],0)))&")") -> - | BS6: =IF($BR6="-","-",COUNTIFS(FGLocal,$BD6,Ganador,"Local",Part1Empate1V,$BR6)+COUNTIFS(FGVisitante,$BD6,Ganador,"Visitante",Part1Empate1L,$BR6)) -> - | BT6: =IF($BR6="-","-",COUNTIFS(FGLocal,$BD6,Ganador,"Empate",Part1Empate1V,$BR6)+COUNTIFS(FGVisitante,$BD6,Ganador,"Empate",Part1Empate1L,$BR6)) -> - | BU6: =IF($BR6="-","-",COUNTIFS(FGLocal,$BD6,Ganador,"Visitante",Part1Empate1V,$BR6)+COUNTIFS(FGVisitante,$BD6,Ganador,"Local",Part1Empate1L,$BR6)) -> - | BV6: =IF($BR6="-","-",BS6*3+BT6) -> - | BW6: =BQ6+COUNTIFS($BR$6:$BR$53,BR6,$BV$6:BV$53,">"&BV6,$BC$6:$BC$53,INDEX(T_Equipos[Grupo],MATCH(BD6,T_Equipos[NombreEquipo],0))) -> 1 | BX6: =IF(COUNTIFS($BW$6:$BW$53,BW6,$BC$6:$BC$53,INDEX(T_Equipos[Grupo],MATCH(BD6,T_Equipos[NombreEquipo],0)))=1,"-","P."&BW6&" ("&COUNTIFS($BW$6:$BW$53,BW6,$BC$6:$BC$53,INDEX(T_Equipos[Grupo],MATCH(BD6,T_Equipos[NombreEquipo],0)))&")") -> - | BY6: =IF($BX6="-","-",SUMIFS(FG_GolesLocal,FGLocal,$BD6,Part1Empate2V,$BX6)+SUMIFS(FG_GolesVisitante,FGVisitante,$BD6,Part1Empate2L,$BX6)) -> - | BZ6: =IF($BX6="-","-",SUMIFS(FG_GolesVisitante,FGLocal,$BD6,Part1Empate2V,$BX6)+SUMIFS(FG_GolesLocal,FGVisitante,$BD6,Part1Empate2L,$BX6)) -> - | CA6: =IF($BX6="-","-",BY6-BZ6) -> - | CB6: =BW6+COUNTIFS($BX$6:$BX$53,BX6,$CA$6:CA$53,">"&CA6,$BC$6:$BC$53,INDEX(T_Equipos[Grupo],MATCH(BD6,T_Equipos[NombreEquipo],0))) -> 1 | CC6: =IF(COUNTIFS($CB$6:$CB$53,CB6,$BC$6:$BC$53,INDEX(T_Equipos[Grupo],MATCH(BD6,T_Equipos[NombreEquipo],0)))=1,"-","P."&CB6&" ("&COUNTIFS($CB$6:$CB$53,CB6,$BC$6:$BC$53,INDEX(T_Equipos[Grupo],MATCH(BD6,T_Equipos[NombreEquipo],0)))&")") -> - | CD6: =IF($CC6="-","-",SUMIFS(FG_GolesLocal,FGLocal,$BD6,Part1Empate3V,$CC6)+SUMIFS(FG_GolesVisitante,FGVisitante,$BD6,Part1Empate3L,$CC6)) -> - | CE6: =CB6+COUNTIFS($CC$6:$CC$53,CC6,$CD$6:CD$53,">"&CD6,$BC$6:$BC$53,INDEX(T_Equipos[Grupo],MATCH(BD6,T_Equipos[NombreEquipo],0))) -> 1 | CF6: =IF(COUNTIFS($CE$6:$CE$53,CE6,$BC$6:$BC$53,INDEX(T_Equipos[Grupo],MATCH(BD6,T_Equipos[NombreEquipo],0)))=1,"-","P."&CE6&" ("&COUNTIFS($CE$6:$CE$53,CE6,$BC$6:$BC$53,INDEX(T_Equipos[Grupo],MATCH(BD6,T_Equipos[NombreEquipo],0)))&")") -> - | CG6: =IF($CF6="-","-",COUNTIFS(FGLocal,$BD6,Ganador,"Local",Part2Empate4V,$CF6)+COUNTIFS(FGVisitante,$BD6,Ganador,"Visitante",Part2Empate4L,$CF6)) -> - | CH6: =IF($CF6="-","-",COUNTIFS(FGLocal,$BD6,Ganador,"Empate",Part2Empate4V,$CF6)+COUNTIFS(FGVisitante,$BD6,Ganador,"Empate",Part2Empate4L,$CF6)) -> - | CI6: =IF($CF6="-","-",COUNTIFS(FGLocal,$BD6,Ganador,"Visitante",Part2Empate4V,$CF6)+COUNTIFS(FGVisitante,$BD6,Ganador,"Local",Part2Empate4L,$CF6)) -> - | CJ6: =IF($CF6="-","-",CG6*3+CH6) -> - | CK6: =CE6+COUNTIFS($CF$6:$CF$53,CF6,$CJ$6:CJ$53,">"&CJ6,$BC$6:$BC$53,INDEX(T_Equipos[Grupo],MATCH(BD6,T_Equipos[NombreEquipo],0))) -> 1 | CL6: =IF(COUNTIFS($CK$6:$CK$53,CK6,$BC$6:$BC$53,INDEX(T_Equipos[Grupo],MATCH(BD6,T_Equipos[NombreEquipo],0)))=1,"-","P."&CK6&" ("&COUNTIFS($CK$6:$CK$53,CK6,$BC$6:$BC$53,INDEX(T_Equipos[Grupo],MATCH(BD6,T_Equipos[NombreEquipo],0)))&")") -> - | CM6: =IF($CL6="-","-",SUMIFS(FG_GolesLocal,FGLocal,$BD6,Part2Empate5V,$CL6)+SUMIFS(FG_GolesVisitante,FGVisitante,$BD6,Part2Empate5L,$CL6)) -> - | CN6: =IF($CL6="-","-",SUMIFS(FG_GolesVisitante,FGLocal,$BD6,Part2Empate5V,$CL6)+SUMIFS(FG_GolesLocal,FGVisitante,$BD6,Part2Empate5L,$CL6)) -> - | CO6: =IF($CL6="-","-",CM6-CN6) -> - | CP6: =CK6+COUNTIFS($CL$6:$CL$53,CL6,$CO$6:CO$53,">"&CO6,$BC$6:$BC$53,INDEX(T_Equipos[Grupo],MATCH(BD6,T_Equipos[NombreEquipo],0))) -> 1 | CQ6: =IF(COUNTIFS($CP$6:$CP$53,CP6,$BC$6:$BC$53,INDEX(T_Equipos[Grupo],MATCH(BD6,T_Equipos[NombreEquipo],0)))=1,"-","P."&CP6&" ("&COUNTIFS($CP$6:$CP$53,CP6,$BC$6:$BC$53,INDEX(T_Equipos[Grupo],MATCH(BD6,T_Equipos[NombreEquipo],0)))&")") -> - | CR6: =IF($CQ6="-","-",SUMIFS(FG_GolesLocal,FGLocal,$BD6,Part2Empate6V,$CQ6)+SUMIFS(FG_GolesVisitante,FGVisitante,$BD6,Part2Empate6L,$CQ6)) -> - | CS6: =CP6+COUNTIFS($CQ$6:$CQ$53,CQ6,$CR$6:CR$53,">"&CR6,$BC$6:$BC$53,INDEX(T_Equipos[Grupo],MATCH(BD6,T_Equipos[NombreEquipo],0))) -> 1 | CT6: =IF(COUNTIFS($CS$6:$CS$53,CS6,$BC$6:$BC$53,INDEX(T_Equipos[Grupo],MATCH(BD6,T_Equipos[NombreEquipo],0)))=1,"-","P."&CS6&" ("&COUNTIFS($CS$6:$CS$53,CS6,$BC$6:$BC$53,INDEX(T_Equipos[Grupo],MATCH(BD6,T_Equipos[NombreEquipo],0)))&")") -> - | CU6: =IF(CT6="-","-",BL6) -> - | CV6: =CS6+COUNTIFS($CT$6:$CT$53,CT6,$CU$6:CU$53,">"&CU6,$BC$6:$BC$53,INDEX(T_Equipos[Grupo],MATCH(BD6,T_Equipos[NombreEquipo],0))) -> 1 | CW6: =IF(COUNTIFS($CV$6:$CV$53,CV6,$BC$6:$BC$53,INDEX(T_Equipos[Grupo],MATCH(BD6,T_Equipos[NombreEquipo],0)))=1,"-","P."&CV6&" ("&COUNTIFS($CV$6:$CV$53,CV6,$BC$6:$BC$53,INDEX(T_Equipos[Grupo],MATCH(BD6,T_Equipos[NombreEquipo],0)))&")") -> - | CX6: =IF(CW6="-","-",BJ6) -> - | CY6: =CV6+COUNTIFS($CW$6:$CW$53,CW6,$CX$6:CX$53,">"&CX6,$BC$6:$BC$53,INDEX(T_Equipos[Grupo],MATCH(BD6,T_Equipos[NombreEquipo],0))) -> 1 | CZ6: =IF(COUNTIFS($CY$6:$CY$53,CY6,$BC$6:$BC$53,INDEX(T_Equipos[Grupo],MATCH(BD6,T_Equipos[NombreEquipo],0)))=1,"-","P."&CY6&" ("&COUNTIFS($CY$6:$CY$53,CY6,$BC$6:$BC$53,INDEX(T_Equipos[Grupo],MATCH(BD6,T_Equipos[NombreEquipo],0)))&")") -> - | DA6: =IF(CZ6="-","-",COUNTIFS(T_Equipos[Rank],"<"&INDEX(T_Equipos[Rank],MATCH(BD6,T_Equipos[NombreEquipo],0)),$BC$6:$BC$53,INDEX(T_Equipos[Grupo],MATCH(BD6,T_Equipos[NombreEquipo],0)))+1) -> - | DB6: =CY6+COUNTIFS($CZ$6:$CZ$53,CZ6,$DA$6:DA$53,"<"&DA6,$BC$6:$BC$53,INDEX(T_Equipos[Grupo],MATCH(BD6,T_Equipos[NombreEquipo],0))) -> 1 | DD6: =IF(OR(INDEX($AW$6:$AW$97,MATCH($BD6,$AV$6:$AV$97,0))="",CZ6="-"),DB6,INDEX($AW$6:$AW$97,MATCH($BD6,$AV$6:$AV$97,0))+DB6/1000) -> 1 | DE6: =IF(CZ6="-","-",COUNTIFS(DD$6:DD$53,"<"&DD6,$BC$6:$BC$53,INDEX(T_Equipos[Grupo],MATCH(BD6,T_Equipos[NombreEquipo],0)))) -> - | DF6: =CY6+COUNTIFS(CZ$6:CZ$53,CZ6,DE$6:DE$53,"<"&DE6,$BC$6:$BC$53,INDEX(T_Equipos[Grupo],MATCH(BD6,T_Equipos[NombreEquipo],0))) -> 1 | DH6: =INDEX($CY$6:$CY$53,MATCH($DO6,$BD$6:$BD$53,0)) -> 1 | DI6: =+SUMIF($BC$6:$BC$53,BC6,$BF$6:$BF$53) -> 12 | DJ6: =IF(OR(DI6=12,$AJ$99=144),COUNTIFS($DH$6:$DH$53,DH6,$BC$6:$BC$53,BC6),1) -> 1 | DK6: =DH6&"."&DJ6 -> 1.1 | DL6: {=OFFSET(Horarios!$P$3,DH6-1,0,DJ6,1)} -> 1 | DN6: 1A | DO6: =INDEX($BD$6:$BD$53,MATCH(DN6,$BM$6:$BM$53,0)) -> México
A7: =+Equipos!B4 -> Corea del Sur | D7: =IF(OR(AC7="",AD7=""),"Pendiente",IF(AC7>AD7,"Local",IF(AC7<AD7,"Visitante","Empate"))) -> Empate | E7: =IF(D7="Pendiente","-",INDEX($BR$6:$BR$53,MATCH($AA7,$BD$6:$BD$53,0))) -> - | F7: =IF(D7="Pendiente","-",INDEX($BR$6:$BR$53,MATCH($AF7,$BD$6:$BD$53,0))) -> P.3 (2) | H7: =IF(D7="Pendiente","-",INDEX($BX$6:$BX$53,MATCH($AA7,$BD$6:$BD$53,0))) -> - | I7: =IF(D7="Pendiente","-",INDEX($BX$6:$BX$53,MATCH($AF7,$BD$6:$BD$53,0))) -> P.3 (2) | K7: =IF(D7="Pendiente","-",INDEX($CC$6:$CC$53,MATCH($AA7,$BD$6:$BD$53,0))) -> - | L7: =IF(D7="Pendiente","-",INDEX($CC$6:$CC$53,MATCH($AF7,$BD$6:$BD$53,0))) -> P.3 (2) | N7: =IF(D7="Pendiente","-",INDEX($CF$6:$CF$53,MATCH($AA7,$BD$6:$BD$53,0))) -> - | O7: =IF(D7="Pendiente","-",INDEX($CF$6:$CF$53,MATCH($AF7,$BD$6:$BD$53,0))) -> P.3 (2) | Q7: =IF(D7="Pendiente","-",INDEX($CL$6:$CL$53,MATCH($AA7,$BD$6:$BD$53,0))) -> - | R7: =IF(D7="Pendiente","-",INDEX($CL$6:$CL$53,MATCH($AF7,$BD$6:$BD$53,0))) -> P.3 (2) | T7: =IF(D7="Pendiente","-",INDEX($CQ$6:$CQ$53,MATCH($AA7,$BD$6:$BD$53,0))) -> - | U7: =IF(D7="Pendiente","-",INDEX($CQ$6:$CQ$53,MATCH($AF7,$BD$6:$BD$53,0))) -> P.3 (2) | X7: =Horarios!C7 -> 46192.125 | Y7: =Horarios!C7 -> 46192.125 | Z7: =$Z$6 -> J2 | AA7: =A5 -> México | AB7: =+INDEX(Equipos!$L$2:$L$49,MATCH(WORLDCUP!AA7,Equipos!$K$2:$K$49,0)) -> 🇲🇽 | AC7: 0 | AD7: 0 | AE7: =+INDEX(Equipos!$L$2:$L$49,MATCH(WORLDCUP!AF7,Equipos!$K$2:$K$49,0)) -> 🇰🇷 | AF7: =A7 -> Corea del Sur | AG7: =IF(NOT(OR(ISBLANK(AC7),ISBLANK(AD7))),1,0) -> 1 | AH7: 28 | AI7: =AJ7&$B$4 -> 2A | AJ7: 2 | AK7: =+INDEX(Equipos!$L$2:$L$49,MATCH(WORLDCUP!AL7,Equipos!$K$2:$K$49,0)) -> 🇿🇦 | AL7: =IFERROR(INDEX($BD$6:$BD$53,MATCH(AI7,$BN$6:$BN$53,0)),"") -> Sudáfrica | AM7: =INDEX($BE$6:$BN$53,MATCH($AL7,$BD$6:$BD$53,0),MATCH(AM$5,$BE$5:$BN$5,0)) -> 4 | AN7: =INDEX($BE$6:$BN$53,MATCH($AL7,$BD$6:$BD$53,0),MATCH(AN$5,$BE$5:$BN$5,0)) -> 3 | AO7: =INDEX($BE$6:$BN$53,MATCH($AL7,$BD$6:$BD$53,0),MATCH(AO$5,$BE$5:$BN$5,0)) -> 1 | AP7: =INDEX($BE$6:$BN$53,MATCH($AL7,$BD$6:$BD$53,0),MATCH(AP$5,$BE$5:$BN$5,0)) -> 1 | AQ7: =INDEX($BE$6:$BN$53,MATCH($AL7,$BD$6:$BD$53,0),MATCH(AQ$5,$BE$5:$BN$5,0)) -> 1 | AR7: =INDEX($BE$6:$BN$53,MATCH($AL7,$BD$6:$BD$53,0),MATCH(AR$5,$BE$5:$BN$5,0)) -> 3 | AS7: =INDEX($BE$6:$BN$53,MATCH($AL7,$BD$6:$BD$53,0),MATCH(AS$5,$BE$5:$BN$5,0)) -> 3 | AT7: =INDEX($BE$6:$BN$53,MATCH($AL7,$BD$6:$BD$53,0),MATCH(AT$5,$BE$5:$BN$5,0)) -> 0 | AU7: =INDEX($DJ$6:$DJ$53,MATCH(AI7,$DN$6:$DN$53,0)) -> 1 | AV7: =INDEX($BD$6:$BD$53,MATCH(AI7,$BM$6:$BM$53,0)) -> Sudáfrica | AY7: =+A6 -> Sudáfrica | BC7: =+INDEX(T_Equipos[Grupo],MATCH(WORLDCUP!BD7,T_Equipos[NombreEquipo],0)) -> A | BD7: =+Equipos!B3 -> Sudáfrica | BE7: =+BG7*3+BH7+IF($AZ$3="No",0,INDEX($AZ$6:$AZ$97,MATCH(BD7,$AY$6:$AY$97,0))) -> 4 | BF7: =+BG7+BH7+BI7 -> 3 | BG7: =+COUNTIFS(FGLocal,BD7,Ganador,"Local")+COUNTIFS(FGVisitante,BD7,Ganador,"Visitante") -> 1 | BH7: =+COUNTIFS(FGLocal,BD7,Ganador,"Empate")+COUNTIFS(FGVisitante,BD7,Ganador,"Empate") -> 1 | BI7: =+COUNTIFS(FGVisitante,BD7,Ganador,"Local")+COUNTIFS(FGLocal,BD7,Ganador,"Visitante") -> 1 | BJ7: =+SUMIFS(FG_GolesLocal,FGLocal,BD7,Ganador,"<>"&"Pendiente",FG_GolesLocal,"<>"&"",FG_GolesVisitante,"<>"&"")+SUMIFS(FG_GolesVisitante,FGVisitante,BD7,Ganador,"<>"&"Pendiente",FG_GolesLocal,"<>"&"",FG_GolesVisitante,"<>"&"") -> 3 | BK7: =+SUMIFS(FG_GolesLocal,FGVisitante,BD7,Ganador,"<>"&"Pendiente",FG_GolesLocal,"<>"&"",FG_GolesVisitante,"<>"&"")+SUMIFS(FG_GolesVisitante,FGLocal,BD7,Ganador,"<>"&"Pendiente",FG_GolesLocal,"<>"&"",FG_GolesVisitante,"<>"&"") -> 3 | BL7: =+BJ7-BK7 -> 0 | BM7: =DB7&BC7 -> 2A | BN7: =DF7&BC7 -> 2A | BP7: =+BE7 -> 4 | BQ7: =COUNTIFS($BE$6:$BE$53,">"&BE7,$BC$6:$BC$53,INDEX(T_Equipos[Grupo],MATCH(BD7,T_Equipos[NombreEquipo],0)))+1 -> 2 | BR7: =IF(COUNTIFS($BQ$6:$BQ$53,BQ7,$BC$6:$BC$53,INDEX(T_Equipos[Grupo],MATCH(BD7,T_Equipos[NombreEquipo],0)))=1,"-","P."&BQ7&" ("&COUNTIFS($BQ$6:$BQ$53,BQ7,$BC$6:$BC$53,INDEX(T_Equipos[Grupo],MATCH(BD7,T_Equipos[NombreEquipo],0)))&")") -> - | BS7: =IF($BR7="-","-",COUNTIFS(FGLocal,$BD7,Ganador,"Local",Part1Empate1V,$BR7)+COUNTIFS(FGVisitante,$BD7,Ganador,"Visitante",Part1Empate1L,$BR7)) -> - | BT7: =IF($BR7="-","-",COUNTIFS(FGLocal,$BD7,Ganador,"Empate",Part1Empate1V,$BR7)+COUNTIFS(FGVisitante,$BD7,Ganador,"Empate",Part1Empate1L,$BR7)) -> - | BU7: =IF($BR7="-","-",COUNTIFS(FGLocal,$BD7,Ganador,"Visitante",Part1Empate1V,$BR7)+COUNTIFS(FGVisitante,$BD7,Ganador,"Local",Part1Empate1L,$BR7)) -> - | BV7: =IF($BR7="-","-",BS7*3+BT7) -> - | BW7: =BQ7+COUNTIFS($BR$6:$BR$53,BR7,$BV$6:BV$53,">"&BV7,$BC$6:$BC$53,INDEX(T_Equipos[Grupo],MATCH(BD7,T_Equipos[NombreEquipo],0))) -> 2 | BX7: =IF(COUNTIFS($BW$6:$BW$53,BW7,$BC$6:$BC$53,INDEX(T_Equipos[Grupo],MATCH(BD7,T_Equipos[NombreEquipo],0)))=1,"-","P."&BW7&" ("&COUNTIFS($BW$6:$BW$53,BW7,$BC$6:$BC$53,INDEX(T_Equipos[Grupo],MATCH(BD7,T_Equipos[NombreEquipo],0)))&")") -> - | BY7: =IF($BX7="-","-",SUMIFS(FG_GolesLocal,FGLocal,$BD7,Part1Empate2V,$BX7)+SUMIFS(FG_GolesVisitante,FGVisitante,$BD7,Part1Empate2L,$BX7)) -> - | BZ7: =IF($BX7="-","-",SUMIFS(FG_GolesVisitante,FGLocal,$BD7,Part1Empate2V,$BX7)+SUMIFS(FG_GolesLocal,FGVisitante,$BD7,Part1Empate2L,$BX7)) -> - | CA7: =IF($BX7="-","-",BY7-BZ7) -> - | CB7: =BW7+COUNTIFS($BX$6:$BX$53,BX7,$CA$6:CA$53,">"&CA7,$BC$6:$BC$53,INDEX(T_Equipos[Grupo],MATCH(BD7,T_Equipos[NombreEquipo],0))) -> 2 | CC7: =IF(COUNTIFS($CB$6:$CB$53,CB7,$BC$6:$BC$53,INDEX(T_Equipos[Grupo],MATCH(BD7,T_Equipos[NombreEquipo],0)))=1,"-","P."&CB7&" ("&COUNTIFS($CB$6:$CB$53,CB7,$BC$6:$BC$53,INDEX(T_Equipos[Grupo],MATCH(BD7,T_Equipos[NombreEquipo],0)))&")") -> - | CD7: =IF($CC7="-","-",SUMIFS(FG_GolesLocal,FGLocal,$BD7,Part1Empate3V,$CC7)+SUMIFS(FG_GolesVisitante,FGVisitante,$BD7,Part1Empate3L,$CC7)) -> - | CE7: =CB7+COUNTIFS($CC$6:$CC$53,CC7,$CD$6:CD$53,">"&CD7,$BC$6:$BC$53,INDEX(T_Equipos[Grupo],MATCH(BD7,T_Equipos[NombreEquipo],0))) -> 2 | CF7: =IF(COUNTIFS($CE$6:$CE$53,CE7,$BC$6:$BC$53,INDEX(T_Equipos[Grupo],MATCH(BD7,T_Equipos[NombreEquipo],0)))=1,"-","P."&CE7&" ("&COUNTIFS($CE$6:$CE$53,CE7,$BC$6:$BC$53,INDEX(T_Equipos[Grupo],MATCH(BD7,T_Equipos[NombreEquipo],0)))&")") -> - | CG7: =IF($CF7="-","-",COUNTIFS(FGLocal,$BD7,Ganador,"Local",Part2Empate4V,$CF7)+COUNTIFS(FGVisitante,$BD7,Ganador,"Visitante",Part2Empate4L,$CF7)) -> - | CH7: =IF($CF7="-","-",COUNTIFS(FGLocal,$BD7,Ganador,"Empate",Part2Empate4V,$CF7)+COUNTIFS(FGVisitante,$BD7,Ganador,"Empate",Part2Empate4L,$CF7)) -> - | CI7: =IF($CF7="-","-",COUNTIFS(FGLocal,$BD7,Ganador,"Visitante",Part2Empate4V,$CF7)+COUNTIFS(FGVisitante,$BD7,Ganador,"Local",Part2Empate4L,$CF7)) -> - | CJ7: =IF($CF7="-","-",CG7*3+CH7) -> - | CK7: =CE7+COUNTIFS($CF$6:$CF$53,CF7,$CJ$6:CJ$53,">"&CJ7,$BC$6:$BC$53,INDEX(T_Equipos[Grupo],MATCH(BD7,T_Equipos[NombreEquipo],0))) -> 2 | CL7: =IF(COUNTIFS($CK$6:$CK$53,CK7,$BC$6:$BC$53,INDEX(T_Equipos[Grupo],MATCH(BD7,T_Equipos[NombreEquipo],0)))=1,"-","P."&CK7&" ("&COUNTIFS($CK$6:$CK$53,CK7,$BC$6:$BC$53,INDEX(T_Equipos[Grupo],MATCH(BD7,T_Equipos[NombreEquipo],0)))&")") -> - | CM7: =IF($CL7="-","-",SUMIFS(FG_GolesLocal,FGLocal,$BD7,Part2Empate5V,$CL7)+SUMIFS(FG_GolesVisitante,FGVisitante,$BD7,Part2Empate5L,$CL7)) -> - | CN7: =IF($CL7="-","-",SUMIFS(FG_GolesVisitante,FGLocal,$BD7,Part2Empate5V,$CL7)+SUMIFS(FG_GolesLocal,FGVisitante,$BD7,Part2Empate5L,$CL7)) -> - | CO7: =IF($CL7="-","-",CM7-CN7) -> - | CP7: =CK7+COUNTIFS($CL$6:$CL$53,CL7,$CO$6:CO$53,">"&CO7,$BC$6:$BC$53,INDEX(T_Equipos[Grupo],MATCH(BD7,T_Equipos[NombreEquipo],0))) -> 2 | CQ7: =IF(COUNTIFS($CP$6:$CP$53,CP7,$BC$6:$BC$53,INDEX(T_Equipos[Grupo],MATCH(BD7,T_Equipos[NombreEquipo],0)))=1,"-","P."&CP7&" ("&COUNTIFS($CP$6:$CP$53,CP7,$BC$6:$BC$53,INDEX(T_Equipos[Grupo],MATCH(BD7,T_Equipos[NombreEquipo],0)))&")") -> - | CR7: =IF($CQ7="-","-",SUMIFS(FG_GolesLocal,FGLocal,$BD7,Part2Empate6V,$CQ7)+SUMIFS(FG_GolesVisitante,FGVisitante,$BD7,Part2Empate6L,$CQ7)) -> - | CS7: =CP7+COUNTIFS($CQ$6:$CQ$53,CQ7,$CR$6:CR$53,">"&CR7,$BC$6:$BC$53,INDEX(T_Equipos[Grupo],MATCH(BD7,T_Equipos[NombreEquipo],0))) -> 2 | CT7: =IF(COUNTIFS($CS$6:$CS$53,CS7,$BC$6:$BC$53,INDEX(T_Equipos[Grupo],MATCH(BD7,T_Equipos[NombreEquipo],0)))=1,"-","P."&CS7&" ("&COUNTIFS($CS$6:$CS$53,CS7,$BC$6:$BC$53,INDEX(T_Equipos[Grupo],MATCH(BD7,T_Equipos[NombreEquipo],0)))&")") -> - | CU7: =IF(CT7="-","-",BL7) -> - | CV7: =CS7+COUNTIFS($CT$6:$CT$53,CT7,$CU$6:CU$53,">"&CU7,$BC$6:$BC$53,INDEX(T_Equipos[Grupo],MATCH(BD7,T_Equipos[NombreEquipo],0))) -> 2 | CW7: =IF(COUNTIFS($CV$6:$CV$53,CV7,$BC$6:$BC$53,INDEX(T_Equipos[Grupo],MATCH(BD7,T_Equipos[NombreEquipo],0)))=1,"-","P."&CV7&" ("&COUNTIFS($CV$6:$CV$53,CV7,$BC$6:$BC$53,INDEX(T_Equipos[Grupo],MATCH(BD7,T_Equipos[NombreEquipo],0)))&")") -> - | CX7: =IF(CW7="-","-",BJ7) -> - | CY7: =CV7+COUNTIFS($CW$6:$CW$53,CW7,$CX$6:CX$53,">"&CX7,$BC$6:$BC$53,INDEX(T_Equipos[Grupo],MATCH(BD7,T_Equipos[NombreEquipo],0))) -> 2 | CZ7: =IF(COUNTIFS($CY$6:$CY$53,CY7,$BC$6:$BC$53,INDEX(T_Equipos[Grupo],MATCH(BD7,T_Equipos[NombreEquipo],0)))=1,"-","P."&CY7&" ("&COUNTIFS($CY$6:$CY$53,CY7,$BC$6:$BC$53,INDEX(T_Equipos[Grupo],MATCH(BD7,T_Equipos[NombreEquipo],0)))&")") -> - | DA7: =IF(CZ7="-","-",COUNTIFS(T_Equipos[Rank],"<"&INDEX(T_Equipos[Rank],MATCH(BD7,T_Equipos[NombreEquipo],0)),$BC$6:$BC$53,INDEX(T_Equipos[Grupo],MATCH(BD7,T_Equipos[NombreEquipo],0)))+1) -> - | DB7: =CY7+COUNTIFS($CZ$6:$CZ$53,CZ7,$DA$6:DA$53,"<"&DA7,$BC$6:$BC$53,INDEX(T_Equipos[Grupo],MATCH(BD7,T_Equipos[NombreEquipo],0))) -> 2 | DD7: =IF(OR(INDEX($AW$6:$AW$97,MATCH($BD7,$AV$6:$AV$97,0))="",CZ7="-"),DB7,INDEX($AW$6:$AW$97,MATCH($BD7,$AV$6:$AV$97,0))+DB7/1000) -> 2 | DE7: =IF(CZ7="-","-",COUNTIFS(DD$6:DD$53,"<"&DD7,$BC$6:$BC$53,INDEX(T_Equipos[Grupo],MATCH(BD7,T_Equipos[NombreEquipo],0)))) -> - | DF7: =CY7+COUNTIFS(CZ$6:CZ$53,CZ7,DE$6:DE$53,"<"&DE7,$BC$6:$BC$53,INDEX(T_Equipos[Grupo],MATCH(BD7,T_Equipos[NombreEquipo],0))) -> 2 | DH7: =INDEX($CY$6:$CY$53,MATCH($DO7,$BD$6:$BD$53,0)) -> 2 | DI7: =+SUMIF($BC$6:$BC$53,BC7,$BF$6:$BF$53) -> 12 | DJ7: =IF(OR(DI7=12,$AJ$99=144),COUNTIFS($DH$6:$DH$53,DH7,$BC$6:$BC$53,BC7),1) -> 1 | DK7: =DH7&"."&DJ7 -> 2.1 | DL7: {=OFFSET(Horarios!$P$3,DH7-1,0,DJ7,1)} -> 2 | DN7: 2A | DO7: =INDEX($BD$6:$BD$53,MATCH(DN7,$BM$6:$BM$53,0)) -> Sudáfrica
A8: =+Equipos!B5 -> PO D: DEN/MKD/CZE/IRL | D8: =IF(OR(AC8="",AD8=""),"Pendiente",IF(AC8>AD8,"Local",IF(AC8<AD8,"Visitante","Empate"))) -> Visitante | E8: =IF(D8="Pendiente","-",INDEX($BR$6:$BR$53,MATCH($AA8,$BD$6:$BD$53,0))) -> P.3 (2) | F8: =IF(D8="Pendiente","-",INDEX($BR$6:$BR$53,MATCH($AF8,$BD$6:$BD$53,0))) -> - | H8: =IF(D8="Pendiente","-",INDEX($BX$6:$BX$53,MATCH($AA8,$BD$6:$BD$53,0))) -> P.3 (2) | I8: =IF(D8="Pendiente","-",INDEX($BX$6:$BX$53,MATCH($AF8,$BD$6:$BD$53,0))) -> - | K8: =IF(D8="Pendiente","-",INDEX($CC$6:$CC$53,MATCH($AA8,$BD$6:$BD$53,0))) -> P.3 (2) | L8: =IF(D8="Pendiente","-",INDEX($CC$6:$CC$53,MATCH($AF8,$BD$6:$BD$53,0))) -> - | N8: =IF(D8="Pendiente","-",INDEX($CF$6:$CF$53,MATCH($AA8,$BD$6:$BD$53,0))) -> P.3 (2) | O8: =IF(D8="Pendiente","-",INDEX($CF$6:$CF$53,MATCH($AF8,$BD$6:$BD$53,0))) -> - | Q8: =IF(D8="Pendiente","-",INDEX($CL$6:$CL$53,MATCH($AA8,$BD$6:$BD$53,0))) -> P.3 (2) | R8: =IF(D8="Pendiente","-",INDEX($CL$6:$CL$53,MATCH($AF8,$BD$6:$BD$53,0))) -> - | T8: =IF(D8="Pendiente","-",INDEX($CQ$6:$CQ$53,MATCH($AA8,$BD$6:$BD$53,0))) -> P.3 (2) | U8: =IF(D8="Pendiente","-",INDEX($CQ$6:$CQ$53,MATCH($AF8,$BD$6:$BD$53,0))) -> - | X8: =Horarios!C8 -> 46198.125 | Y8: =Horarios!C8 -> 46198.125 | Z8: =Idiomas!D63 -> J3 | AA8: =A8 -> PO D: DEN/MKD/CZE/IRL | AB8: =+INDEX(Equipos!$L$2:$L$49,MATCH(WORLDCUP!AA8,Equipos!$K$2:$K$49,0)) | AC8: 0 | AD8: 1 | AE8: =+INDEX(Equipos!$L$2:$L$49,MATCH(WORLDCUP!AF8,Equipos!$K$2:$K$49,0)) -> 🇲🇽 | AF8: =A5 -> México | AG8: =IF(NOT(OR(ISBLANK(AC8),ISBLANK(AD8))),1,0) -> 1 | AH8: 53 | AI8: =AJ8&$B$4 -> 3A | AJ8: 3 | AK8: =+INDEX(Equipos!$L$2:$L$49,MATCH(WORLDCUP!AL8,Equipos!$K$2:$K$49,0)) | AL8: =IFERROR(INDEX($BD$6:$BD$53,MATCH(AI8,$BN$6:$BN$53,0)),"") -> PO D: DEN/MKD/CZE/IRL | AM8: =INDEX($BE$6:$BN$53,MATCH($AL8,$BD$6:$BD$53,0),MATCH(AM$5,$BE$5:$BN$5,0)) -> 2 | AN8: =INDEX($BE$6:$BN$53,MATCH($AL8,$BD$6:$BD$53,0),MATCH(AN$5,$BE$5:$BN$5,0)) -> 3 | AO8: =INDEX($BE$6:$BN$53,MATCH($AL8,$BD$6:$BD$53,0),MATCH(AO$5,$BE$5:$BN$5,0)) -> 0 | AP8: =INDEX($BE$6:$BN$53,MATCH($AL8,$BD$6:$BD$53,0),MATCH(AP$5,$BE$5:$BN$5,0)) -> 2 | AQ8: =INDEX($BE$6:$BN$53,MATCH($AL8,$BD$6:$BD$53,0),MATCH(AQ$5,$BE$5:$BN$5,0)) -> 1 | AR8: =INDEX($BE$6:$BN$53,MATCH($AL8,$BD$6:$BD$53,0),MATCH(AR$5,$BE$5:$BN$5,0)) -> 2 | AS8: =INDEX($BE$6:$BN$53,MATCH($AL8,$BD$6:$BD$53,0),MATCH(AS$5,$BE$5:$BN$5,0)) -> 3 | AT8: =INDEX($BE$6:$BN$53,MATCH($AL8,$BD$6:$BD$53,0),MATCH(AT$5,$BE$5:$BN$5,0)) -> -1 | AU8: =INDEX($DJ$6:$DJ$53,MATCH(AI8,$DN$6:$DN$53,0)) -> 1 | AV8: =INDEX($BD$6:$BD$53,MATCH(AI8,$BM$6:$BM$53,0)) -> PO D: DEN/MKD/CZE/IRL | AY8: =+A7 -> Corea del Sur | BC8: =+INDEX(T_Equipos[Grupo],MATCH(WORLDCUP!BD8,T_Equipos[NombreEquipo],0)) -> A | BD8: =+Equipos!B4 -> Corea del Sur | BE8: =+BG8*3+BH8+IF($AZ$3="No",0,INDEX($AZ$6:$AZ$97,MATCH(BD8,$AY$6:$AY$97,0))) -> 2 | BF8: =+BG8+BH8+BI8 -> 3 | BG8: =+COUNTIFS(FGLocal,BD8,Ganador,"Local")+COUNTIFS(FGVisitante,BD8,Ganador,"Visitante") -> 0 | BH8: =+COUNTIFS(FGLocal,BD8,Ganador,"Empate")+COUNTIFS(FGVisitante,BD8,Ganador,"Empate") -> 2 | BI8: =+COUNTIFS(FGVisitante,BD8,Ganador,"Local")+COUNTIFS(FGLocal,BD8,Ganador,"Visitante") -> 1 | BJ8: =+SUMIFS(FG_GolesLocal,FGLocal,BD8,Ganador,"<>"&"Pendiente",FG_GolesLocal,"<>"&"",FG_GolesVisitante,"<>"&"")+SUMIFS(FG_GolesVisitante,FGVisitante,BD8,Ganador,"<>"&"Pendiente",FG_GolesLocal,"<>"&"",FG_GolesVisitante,"<>"&"") -> 1 | BK8: =+SUMIFS(FG_GolesLocal,FGVisitante,BD8,Ganador,"<>"&"Pendiente",FG_GolesLocal,"<>"&"",FG_GolesVisitante,"<>"&"")+SUMIFS(FG_GolesVisitante,FGLocal,BD8,Ganador,"<>"&"Pendiente",FG_GolesLocal,"<>"&"",FG_GolesVisitante,"<>"&"") -> 2 | BL8: =+BJ8-BK8 -> -1 | BM8: =DB8&BC8 -> 4A | BN8: =DF8&BC8 -> 4A | BP8: =+BE8 -> 2 | BQ8: =COUNTIFS($BE$6:$BE$53,">"&BE8,$BC$6:$BC$53,INDEX(T_Equipos[Grupo],MATCH(BD8,T_Equipos[NombreEquipo],0)))+1 -> 3 | BR8: =IF(COUNTIFS($BQ$6:$BQ$53,BQ8,$BC$6:$BC$53,INDEX(T_Equipos[Grupo],MATCH(BD8,T_Equipos[NombreEquipo],0)))=1,"-","P."&BQ8&" ("&COUNTIFS($BQ$6:$BQ$53,BQ8,$BC$6:$BC$53,INDEX(T_Equipos[Grupo],MATCH(BD8,T_Equipos[NombreEquipo],0)))&")") -> P.3 (2) | BS8: =IF($BR8="-","-",COUNTIFS(FGLocal,$BD8,Ganador,"Local",Part1Empate1V,$BR8)+COUNTIFS(FGVisitante,$BD8,Ganador,"Visitante",Part1Empate1L,$BR8)) -> 0 | BT8: =IF($BR8="-","-",COUNTIFS(FGLocal,$BD8,Ganador,"Empate",Part1Empate1V,$BR8)+COUNTIFS(FGVisitante,$BD8,Ganador,"Empate",Part1Empate1L,$BR8)) -> 1 | BU8: =IF($BR8="-","-",COUNTIFS(FGLocal,$BD8,Ganador,"Visitante",Part1Empate1V,$BR8)+COUNTIFS(FGVisitante,$BD8,Ganador,"Local",Part1Empate1L,$BR8)) -> 0 | BV8: =IF($BR8="-","-",BS8*3+BT8) -> 1 | BW8: =BQ8+COUNTIFS($BR$6:$BR$53,BR8,$BV$6:BV$53,">"&BV8,$BC$6:$BC$53,INDEX(T_Equipos[Grupo],MATCH(BD8,T_Equipos[NombreEquipo],0))) -> 3 | BX8: =IF(COUNTIFS($BW$6:$BW$53,BW8,$BC$6:$BC$53,INDEX(T_Equipos[Grupo],MATCH(BD8,T_Equipos[NombreEquipo],0)))=1,"-","P."&BW8&" ("&COUNTIFS($BW$6:$BW$53,BW8,$BC$6:$BC$53,INDEX(T_Equipos[Grupo],MATCH(BD8,T_Equipos[NombreEquipo],0)))&")") -> P.3 (2) | BY8: =IF($BX8="-","-",SUMIFS(FG_GolesLocal,FGLocal,$BD8,Part1Empate2V,$BX8)+SUMIFS(FG_GolesVisitante,FGVisitante,$BD8,Part1Empate2L,$BX8)) -> 1 | BZ8: =IF($BX8="-","-",SUMIFS(FG_GolesVisitante,FGLocal,$BD8,Part1Empate2V,$BX8)+SUMIFS(FG_GolesLocal,FGVisitante,$BD8,Part1Empate2L,$BX8)) -> 1 | CA8: =IF($BX8="-","-",BY8-BZ8) -> 0 | CB8: =BW8+COUNTIFS($BX$6:$BX$53,BX8,$CA$6:CA$53,">"&CA8,$BC$6:$BC$53,INDEX(T_Equipos[Grupo],MATCH(BD8,T_Equipos[NombreEquipo],0))) -> 3 | CC8: =IF(COUNTIFS($CB$6:$CB$53,CB8,$BC$6:$BC$53,INDEX(T_Equipos[Grupo],MATCH(BD8,T_Equipos[NombreEquipo],0)))=1,"-","P."&CB8&" ("&COUNTIFS($CB$6:$CB$53,CB8,$BC$6:$BC$53,INDEX(T_Equipos[Grupo],MATCH(BD8,T_Equipos[NombreEquipo],0)))&")") -> P.3 (2) | CD8: =IF($CC8="-","-",SUMIFS(FG_GolesLocal,FGLocal,$BD8,Part1Empate3V,$CC8)+SUMIFS(FG_GolesVisitante,FGVisitante,$BD8,Part1Empate3L,$CC8)) -> 1 | CE8: =CB8+COUNTIFS($CC$6:$CC$53,CC8,$CD$6:CD$53,">"&CD8,$BC$6:$BC$53,INDEX(T_Equipos[Grupo],MATCH(BD8,T_Equipos[NombreEquipo],0))) -> 3 | CF8: =IF(COUNTIFS($CE$6:$CE$53,CE8,$BC$6:$BC$53,INDEX(T_Equipos[Grupo],MATCH(BD8,T_Equipos[NombreEquipo],0)))=1,"-","P."&CE8&" ("&COUNTIFS($CE$6:$CE$53,CE8,$BC$6:$BC$53,INDEX(T_Equipos[Grupo],MATCH(BD8,T_Equipos[NombreEquipo],0)))&")") -> P.3 (2) | CG8: =IF($CF8="-","-",COUNTIFS(FGLocal,$BD8,Ganador,"Local",Part2Empate4V,$CF8)+COUNTIFS(FGVisitante,$BD8,Ganador,"Visitante",Part2Empate4L,$CF8)) -> 0 | CH8: =IF($CF8="-","-",COUNTIFS(FGLocal,$BD8,Ganador,"Empate",Part2Empate4V,$CF8)+COUNTIFS(FGVisitante,$BD8,Ganador,"Empate",Part2Empate4L,$CF8)) -> 1 | CI8: =IF($CF8="-","-",COUNTIFS(FGLocal,$BD8,Ganador,"Visitante",Part2Empate4V,$CF8)+COUNTIFS(FGVisitante,$BD8,Ganador,"Local",Part2Empate4L,$CF8)) -> 0 | CJ8: =IF($CF8="-","-",CG8*3+CH8) -> 1 | CK8: =CE8+COUNTIFS($CF$6:$CF$53,CF8,$CJ$6:CJ$53,">"&CJ8,$BC$6:$BC$53,INDEX(T_Equipos[Grupo],MATCH(BD8,T_Equipos[NombreEquipo],0))) -> 3 | CL8: =IF(COUNTIFS($CK$6:$CK$53,CK8,$BC$6:$BC$53,INDEX(T_Equipos[Grupo],MATCH(BD8,T_Equipos[NombreEquipo],0)))=1,"-","P."&CK8&" ("&COUNTIFS($CK$6:$CK$53,CK8,$BC$6:$BC$53,INDEX(T_Equipos[Grupo],MATCH(BD8,T_Equipos[NombreEquipo],0)))&")") -> P.3 (2) | CM8: =IF($CL8="-","-",SUMIFS(FG_GolesLocal,FGLocal,$BD8,Part2Empate5V,$CL8)+SUMIFS(FG_GolesVisitante,FGVisitante,$BD8,Part2Empate5L,$CL8)) -> 1 | CN8: =IF($CL8="-","-",SUMIFS(FG_GolesVisitante,FGLocal,$BD8,Part2Empate5V,$CL8)+SUMIFS(FG_GolesLocal,FGVisitante,$BD8,Part2Empate5L,$CL8)) -> 1 | CO8: =IF($CL8="-","-",CM8-CN8) -> 0 | CP8: =CK8+COUNTIFS($CL$6:$CL$53,CL8,$CO$6:CO$53,">"&CO8,$BC$6:$BC$53,INDEX(T_Equipos[Grupo],MATCH(BD8,T_Equipos[NombreEquipo],0))) -> 3 | CQ8: =IF(COUNTIFS($CP$6:$CP$53,CP8,$BC$6:$BC$53,INDEX(T_Equipos[Grupo],MATCH(BD8,T_Equipos[NombreEquipo],0)))=1,"-","P."&CP8&" ("&COUNTIFS($CP$6:$CP$53,CP8,$BC$6:$BC$53,INDEX(T_Equipos[Grupo],MATCH(BD8,T_Equipos[NombreEquipo],0)))&")") -> P.3 (2) | CR8: =IF($CQ8="-","-",SUMIFS(FG_GolesLocal,FGLocal,$BD8,Part2Empate6V,$CQ8)+SUMIFS(FG_GolesVisitante,FGVisitante,$BD8,Part2Empate6L,$CQ8)) -> 1 | CS8: =CP8+COUNTIFS($CQ$6:$CQ$53,CQ8,$CR$6:CR$53,">"&CR8,$BC$6:$BC$53,INDEX(T_Equipos[Grupo],MATCH(BD8,T_Equipos[NombreEquipo],0))) -> 3 | CT8: =IF(COUNTIFS($CS$6:$CS$53,CS8,$BC$6:$BC$53,INDEX(T_Equipos[Grupo],MATCH(BD8,T_Equipos[NombreEquipo],0)))=1,"-","P."&CS8&" ("&COUNTIFS($CS$6:$CS$53,CS8,$BC$6:$BC$53,INDEX(T_Equipos[Grupo],MATCH(BD8,T_Equipos[NombreEquipo],0)))&")") -> P.3 (2) | CU8: =IF(CT8="-","-",BL8) -> -1 | CV8: =CS8+COUNTIFS($CT$6:$CT$53,CT8,$CU$6:CU$53,">"&CU8,$BC$6:$BC$53,INDEX(T_Equipos[Grupo],MATCH(BD8,T_Equipos[NombreEquipo],0))) -> 3 | CW8: =IF(COUNTIFS($CV$6:$CV$53,CV8,$BC$6:$BC$53,INDEX(T_Equipos[Grupo],MATCH(BD8,T_Equipos[NombreEquipo],0)))=1,"-","P."&CV8&" ("&COUNTIFS($CV$6:$CV$53,CV8,$BC$6:$BC$53,INDEX(T_Equipos[Grupo],MATCH(BD8,T_Equipos[NombreEquipo],0)))&")") -> P.3 (2) | CX8: =IF(CW8="-","-",BJ8) -> 1 | CY8: =CV8+COUNTIFS($CW$6:$CW$53,CW8,$CX$6:CX$53,">"&CX8,$BC$6:$BC$53,INDEX(T_Equipos[Grupo],MATCH(BD8,T_Equipos[NombreEquipo],0))) -> 4 | CZ8: =IF(COUNTIFS($CY$6:$CY$53,CY8,$BC$6:$BC$53,INDEX(T_Equipos[Grupo],MATCH(BD8,T_Equipos[NombreEquipo],0)))=1,"-","P."&CY8&" ("&COUNTIFS($CY$6:$CY$53,CY8,$BC$6:$BC$53,INDEX(T_Equipos[Grupo],MATCH(BD8,T_Equipos[NombreEquipo],0)))&")") -> - | DA8: =IF(CZ8="-","-",COUNTIFS(T_Equipos[Rank],"<"&INDEX(T_Equipos[Rank],MATCH(BD8,T_Equipos[NombreEquipo],0)),$BC$6:$BC$53,INDEX(T_Equipos[Grupo],MATCH(BD8,T_Equipos[NombreEquipo],0)))+1) -> - | DB8: =CY8+COUNTIFS($CZ$6:$CZ$53,CZ8,$DA$6:DA$53,"<"&DA8,$BC$6:$BC$53,INDEX(T_Equipos[Grupo],MATCH(BD8,T_Equipos[NombreEquipo],0))) -> 4 | DD8: =IF(OR(INDEX($AW$6:$AW$97,MATCH($BD8,$AV$6:$AV$97,0))="",CZ8="-"),DB8,INDEX($AW$6:$AW$97,MATCH($BD8,$AV$6:$AV$97,0))+DB8/1000) -> 4 | DE8: =IF(CZ8="-","-",COUNTIFS(DD$6:DD$53,"<"&DD8,$BC$6:$BC$53,INDEX(T_Equipos[Grupo],MATCH(BD8,T_Equipos[NombreEquipo],0)))) -> - | DF8: =CY8+COUNTIFS(CZ$6:CZ$53,CZ8,DE$6:DE$53,"<"&DE8,$BC$6:$BC$53,INDEX(T_Equipos[Grupo],MATCH(BD8,T_Equipos[NombreEquipo],0))) -> 4 | DH8: =INDEX($CY$6:$CY$53,MATCH($DO8,$BD$6:$BD$53,0)) -> 3 | DI8: =+SUMIF($BC$6:$BC$53,BC8,$BF$6:$BF$53) -> 12 | DJ8: =IF(OR(DI8=12,$AJ$99=144),COUNTIFS($DH$6:$DH$53,DH8,$BC$6:$BC$53,BC8),1) -> 1 | DK8: =DH8&"."&DJ8 -> 3.1 | DL8: {=OFFSET(Horarios!$P$3,DH8-1,0,DJ8,1)} -> 3 | DN8: 3A | DO8: =INDEX($BD$6:$BD$53,MATCH(DN8,$BM$6:$BM$53,0)) -> PO D: DEN/MKD/CZE/IRL
D9: =IF(OR(AC9="",AD9=""),"Pendiente",IF(AC9>AD9,"Local",IF(AC9<AD9,"Visitante","Empate"))) -> Local | E9: =IF(D9="Pendiente","-",INDEX($BR$6:$BR$53,MATCH($AA9,$BD$6:$BD$53,0))) -> - | F9: =IF(D9="Pendiente","-",INDEX($BR$6:$BR$53,MATCH($AF9,$BD$6:$BD$53,0))) -> P.3 (2) | H9: =IF(D9="Pendiente","-",INDEX($BX$6:$BX$53,MATCH($AA9,$BD$6:$BD$53,0))) -> - | I9: =IF(D9="Pendiente","-",INDEX($BX$6:$BX$53,MATCH($AF9,$BD$6:$BD$53,0))) -> P.3 (2) | K9: =IF(D9="Pendiente","-",INDEX($CC$6:$CC$53,MATCH($AA9,$BD$6:$BD$53,0))) -> - | L9: =IF(D9="Pendiente","-",INDEX($CC$6:$CC$53,MATCH($AF9,$BD$6:$BD$53,0))) -> P.3 (2) | N9: =IF(D9="Pendiente","-",INDEX($CF$6:$CF$53,MATCH($AA9,$BD$6:$BD$53,0))) -> - | O9: =IF(D9="Pendiente","-",INDEX($CF$6:$CF$53,MATCH($AF9,$BD$6:$BD$53,0))) -> P.3 (2) | Q9: =IF(D9="Pendiente","-",INDEX($CL$6:$CL$53,MATCH($AA9,$BD$6:$BD$53,0))) -> - | R9: =IF(D9="Pendiente","-",INDEX($CL$6:$CL$53,MATCH($AF9,$BD$6:$BD$53,0))) -> P.3 (2) | T9: =IF(D9="Pendiente","-",INDEX($CQ$6:$CQ$53,MATCH($AA9,$BD$6:$BD$53,0))) -> - | U9: =IF(D9="Pendiente","-",INDEX($CQ$6:$CQ$53,MATCH($AF9,$BD$6:$BD$53,0))) -> P.3 (2) | X9: =Horarios!C9 -> 46198.125 | Y9: =Horarios!C9 -> 46198.125 | Z9: =$Z$8 -> J3 | AA9: =A6 -> Sudáfrica | AB9: =+INDEX(Equipos!$L$2:$L$49,MATCH(WORLDCUP!AA9,Equipos!$K$2:$K$49,0)) -> 🇿🇦 | AC9: 1 | AD9: 0 | AE9: =+INDEX(Equipos!$L$2:$L$49,MATCH(WORLDCUP!AF9,Equipos!$K$2:$K$49,0)) -> 🇰🇷 | AF9: =A7 -> Corea del Sur | AG9: =IF(NOT(OR(ISBLANK(AC9),ISBLANK(AD9))),1,0) -> 1 | AH9: 54 | AI9: =AJ9&$B$4 -> 4A | AJ9: 4 | AK9: =+INDEX(Equipos!$L$2:$L$49,MATCH(WORLDCUP!AL9,Equipos!$K$2:$K$49,0)) -> 🇰🇷 | AL9: =IFERROR(INDEX($BD$6:$BD$53,MATCH(AI9,$BN$6:$BN$53,0)),"") -> Corea del Sur | AM9: =INDEX($BE$6:$BN$53,MATCH($AL9,$BD$6:$BD$53,0),MATCH(AM$5,$BE$5:$BN$5,0)) -> 2 | AN9: =INDEX($BE$6:$BN$53,MATCH($AL9,$BD$6:$BD$53,0),MATCH(AN$5,$BE$5:$BN$5,0)) -> 3 | AO9: =INDEX($BE$6:$BN$53,MATCH($AL9,$BD$6:$BD$53,0),MATCH(AO$5,$BE$5:$BN$5,0)) -> 0 | AP9: =INDEX($BE$6:$BN$53,MATCH($AL9,$BD$6:$BD$53,0),MATCH(AP$5,$BE$5:$BN$5,0)) -> 2 | AQ9: =INDEX($BE$6:$BN$53,MATCH($AL9,$BD$6:$BD$53,0),MATCH(AQ$5,$BE$5:$BN$5,0)) -> 1 | AR9: =INDEX($BE$6:$BN$53,MATCH($AL9,$BD$6:$BD$53,0),MATCH(AR$5,$BE$5:$BN$5,0)) -> 1 | AS9: =INDEX($BE$6:$BN$53,MATCH($AL9,$BD$6:$BD$53,0),MATCH(AS$5,$BE$5:$BN$5,0)) -> 2 | AT9: =INDEX($BE$6:$BN$53,MATCH($AL9,$BD$6:$BD$53,0),MATCH(AT$5,$BE$5:$BN$5,0)) -> -1 | AU9: =INDEX($DJ$6:$DJ$53,MATCH(AI9,$DN$6:$DN$53,0)) -> 1 | AV9: =INDEX($BD$6:$BD$53,MATCH(AI9,$BM$6:$BM$53,0)) -> Corea del Sur | AY9: =+A8 -> PO D: DEN/MKD/CZE/IRL | BC9: =+INDEX(T_Equipos[Grupo],MATCH(WORLDCUP!BD9,T_Equipos[NombreEquipo],0)) -> A | BD9: =+Equipos!B5 -> PO D: DEN/MKD/CZE/IRL | BE9: =+BG9*3+BH9+IF($AZ$3="No",0,INDEX($AZ$6:$AZ$97,MATCH(BD9,$AY$6:$AY$97,0))) -> 2 | BF9: =+BG9+BH9+BI9 -> 3 | BG9: =+COUNTIFS(FGLocal,BD9,Ganador,"Local")+COUNTIFS(FGVisitante,BD9,Ganador,"Visitante") -> 0 | BH9: =+COUNTIFS(FGLocal,BD9,Ganador,"Empate")+COUNTIFS(FGVisitante,BD9,Ganador,"Empate") -> 2 | BI9: =+COUNTIFS(FGVisitante,BD9,Ganador,"Local")+COUNTIFS(FGLocal,BD9,Ganador,"Visitante") -> 1 | BJ9: =+SUMIFS(FG_GolesLocal,FGLocal,BD9,Ganador,"<>"&"Pendiente",FG_GolesLocal,"<>"&"",FG_GolesVisitante,"<>"&"")+SUMIFS(FG_GolesVisitante,FGVisitante,BD9,Ganador,"<>"&"Pendiente",FG_GolesLocal,"<>"&"",FG_GolesVisitante,"<>"&"") -> 2 | BK9: =+SUMIFS(FG_GolesLocal,FGVisitante,BD9,Ganador,"<>"&"Pendiente",FG_GolesLocal,"<>"&"",FG_GolesVisitante,"<>"&"")+SUMIFS(FG_GolesVisitante,FGLocal,BD9,Ganador,"<>"&"Pendiente",FG_GolesLocal,"<>"&"",FG_GolesVisitante,"<>"&"") -> 3 | BL9: =+BJ9-BK9 -> -1 | BM9: =DB9&BC9 -> 3A | BN9: =DF9&BC9 -> 3A | BP9: =+BE9 -> 2 | BQ9: =COUNTIFS($BE$6:$BE$53,">"&BE9,$BC$6:$BC$53,INDEX(T_Equipos[Grupo],MATCH(BD9,T_Equipos[NombreEquipo],0)))+1 -> 3 | BR9: =IF(COUNTIFS($BQ$6:$BQ$53,BQ9,$BC$6:$BC$53,INDEX(T_Equipos[Grupo],MATCH(BD9,T_Equipos[NombreEquipo],0)))=1,"-","P."&BQ9&" ("&COUNTIFS($BQ$6:$BQ$53,BQ9,$BC$6:$BC$53,INDEX(T_Equipos[Grupo],MATCH(BD9,T_Equipos[NombreEquipo],0)))&")") -> P.3 (2) | BS9: =IF($BR9="-","-",COUNTIFS(FGLocal,$BD9,Ganador,"Local",Part1Empate1V,$BR9)+COUNTIFS(FGVisitante,$BD9,Ganador,"Visitante",Part1Empate1L,$BR9)) -> 0 | BT9: =IF($BR9="-","-",COUNTIFS(FGLocal,$BD9,Ganador,"Empate",Part1Empate1V,$BR9)+COUNTIFS(FGVisitante,$BD9,Ganador,"Empate",Part1Empate1L,$BR9)) -> 1 | BU9: =IF($BR9="-","-",COUNTIFS(FGLocal,$BD9,Ganador,"Visitante",Part1Empate1V,$BR9)+COUNTIFS(FGVisitante,$BD9,Ganador,"Local",Part1Empate1L,$BR9)) -> 0 | BV9: =IF($BR9="-","-",BS9*3+BT9) -> 1 | BW9: =BQ9+COUNTIFS($BR$6:$BR$53,BR9,$BV$6:BV$53,">"&BV9,$BC$6:$BC$53,INDEX(T_Equipos[Grupo],MATCH(BD9,T_Equipos[NombreEquipo],0))) -> 3 | BX9: =IF(COUNTIFS($BW$6:$BW$53,BW9,$BC$6:$BC$53,INDEX(T_Equipos[Grupo],MATCH(BD9,T_Equipos[NombreEquipo],0)))=1,"-","P."&BW9&" ("&COUNTIFS($BW$6:$BW$53,BW9,$BC$6:$BC$53,INDEX(T_Equipos[Grupo],MATCH(BD9,T_Equipos[NombreEquipo],0)))&")") -> P.3 (2) | BY9: =IF($BX9="-","-",SUMIFS(FG_GolesLocal,FGLocal,$BD9,Part1Empate2V,$BX9)+SUMIFS(FG_GolesVisitante,FGVisitante,$BD9,Part1Empate2L,$BX9)) -> 1 | BZ9: =IF($BX9="-","-",SUMIFS(FG_GolesVisitante,FGLocal,$BD9,Part1Empate2V,$BX9)+SUMIFS(FG_GolesLocal,FGVisitante,$BD9,Part1Empate2L,$BX9)) -> 1 | CA9: =IF($BX9="-","-",BY9-BZ9) -> 0 | CB9: =BW9+COUNTIFS($BX$6:$BX$53,BX9,$CA$6:CA$53,">"&CA9,$BC$6:$BC$53,INDEX(T_Equipos[Grupo],MATCH(BD9,T_Equipos[NombreEquipo],0))) -> 3 | CC9: =IF(COUNTIFS($CB$6:$CB$53,CB9,$BC$6:$BC$53,INDEX(T_Equipos[Grupo],MATCH(BD9,T_Equipos[NombreEquipo],0)))=1,"-","P."&CB9&" ("&COUNTIFS($CB$6:$CB$53,CB9,$BC$6:$BC$53,INDEX(T_Equipos[Grupo],MATCH(BD9,T_Equipos[NombreEquipo],0)))&")") -> P.3 (2) | CD9: =IF($CC9="-","-",SUMIFS(FG_GolesLocal,FGLocal,$BD9,Part1Empate3V,$CC9)+SUMIFS(FG_GolesVisitante,FGVisitante,$BD9,Part1Empate3L,$CC9)) -> 1 | CE9: =CB9+COUNTIFS($CC$6:$CC$53,CC9,$CD$6:CD$53,">"&CD9,$BC$6:$BC$53,INDEX(T_Equipos[Grupo],MATCH(BD9,T_Equipos[NombreEquipo],0))) -> 3 | CF9: =IF(COUNTIFS($CE$6:$CE$53,CE9,$BC$6:$BC$53,INDEX(T_Equipos[Grupo],MATCH(BD9,T_Equipos[NombreEquipo],0)))=1,"-","P."&CE9&" ("&COUNTIFS($CE$6:$CE$53,CE9,$BC$6:$BC$53,INDEX(T_Equipos[Grupo],MATCH(BD9,T_Equipos[NombreEquipo],0)))&")") -> P.3 (2) | CG9: =IF($CF9="-","-",COUNTIFS(FGLocal,$BD9,Ganador,"Local",Part2Empate4V,$CF9)+COUNTIFS(FGVisitante,$BD9,Ganador,"Visitante",Part2Empate4L,$CF9)) -> 0 | CH9: =IF($CF9="-","-",COUNTIFS(FGLocal,$BD9,Ganador,"Empate",Part2Empate4V,$CF9)+COUNTIFS(FGVisitante,$BD9,Ganador,"Empate",Part2Empate4L,$CF9)) -> 1 | CI9: =IF($CF9="-","-",COUNTIFS(FGLocal,$BD9,Ganador,"Visitante",Part2Empate4V,$CF9)+COUNTIFS(FGVisitante,$BD9,Ganador,"Local",Part2Empate4L,$CF9)) -> 0 | CJ9: =IF($CF9="-","-",CG9*3+CH9) -> 1 | CK9: =CE9+COUNTIFS($CF$6:$CF$53,CF9,$CJ$6:CJ$53,">"&CJ9,$BC$6:$BC$53,INDEX(T_Equipos[Grupo],MATCH(BD9,T_Equipos[NombreEquipo],0))) -> 3 | CL9: =IF(COUNTIFS($CK$6:$CK$53,CK9,$BC$6:$BC$53,INDEX(T_Equipos[Grupo],MATCH(BD9,T_Equipos[NombreEquipo],0)))=1,"-","P."&CK9&" ("&COUNTIFS($CK$6:$CK$53,CK9,$BC$6:$BC$53,INDEX(T_Equipos[Grupo],MATCH(BD9,T_Equipos[NombreEquipo],0)))&")") -> P.3 (2) | CM9: =IF($CL9="-","-",SUMIFS(FG_GolesLocal,FGLocal,$BD9,Part2Empate5V,$CL9)+SUMIFS(FG_GolesVisitante,FGVisitante,$BD9,Part2Empate5L,$CL9)) -> 1 | CN9: =IF($CL9="-","-",SUMIFS(FG_GolesVisitante,FGLocal,$BD9,Part2Empate5V,$CL9)+SUMIFS(FG_GolesLocal,FGVisitante,$BD9,Part2Empate5L,$CL9)) -> 1 | CO9: =IF($CL9="-","-",CM9-CN9) -> 0 | CP9: =CK9+COUNTIFS($CL$6:$CL$53,CL9,$CO$6:CO$53,">"&CO9,$BC$6:$BC$53,INDEX(T_Equipos[Grupo],MATCH(BD9,T_Equipos[NombreEquipo],0))) -> 3 | CQ9: =IF(COUNTIFS($CP$6:$CP$53,CP9,$BC$6:$BC$53,INDEX(T_Equipos[Grupo],MATCH(BD9,T_Equipos[NombreEquipo],0)))=1,"-","P."&CP9&" ("&COUNTIFS($CP$6:$CP$53,CP9,$BC$6:$BC$53,INDEX(T_Equipos[Grupo],MATCH(BD9,T_Equipos[NombreEquipo],0)))&")") -> P.3 (2) | CR9: =IF($CQ9="-","-",SUMIFS(FG_GolesLocal,FGLocal,$BD9,Part2Empate6V,$CQ9)+SUMIFS(FG_GolesVisitante,FGVisitante,$BD9,Part2Empate6L,$CQ9)) -> 1 | CS9: =CP9+COUNTIFS($CQ$6:$CQ$53,CQ9,$CR$6:CR$53,">"&CR9,$BC$6:$BC$53,INDEX(T_Equipos[Grupo],MATCH(BD9,T_Equipos[NombreEquipo],0))) -> 3 | CT9: =IF(COUNTIFS($CS$6:$CS$53,CS9,$BC$6:$BC$53,INDEX(T_Equipos[Grupo],MATCH(BD9,T_Equipos[NombreEquipo],0)))=1,"-","P."&CS9&" ("&COUNTIFS($CS$6:$CS$53,CS9,$BC$6:$BC$53,INDEX(T_Equipos[Grupo],MATCH(BD9,T_Equipos[NombreEquipo],0)))&")") -> P.3 (2) | CU9: =IF(CT9="-","-",BL9) -> -1 | CV9: =CS9+COUNTIFS($CT$6:$CT$53,CT9,$CU$6:CU$53,">"&CU9,$BC$6:$BC$53,INDEX(T_Equipos[Grupo],MATCH(BD9,T_Equipos[NombreEquipo],0))) -> 3 | CW9: =IF(COUNTIFS($CV$6:$CV$53,CV9,$BC$6:$BC$53,INDEX(T_Equipos[Grupo],MATCH(BD9,T_Equipos[NombreEquipo],0)))=1,"-","P."&CV9&" ("&COUNTIFS($CV$6:$CV$53,CV9,$BC$6:$BC$53,INDEX(T_Equipos[Grupo],MATCH(BD9,T_Equipos[NombreEquipo],0)))&")") -> P.3 (2) | CX9: =IF(CW9="-","-",BJ9) -> 2 | CY9: =CV9+COUNTIFS($CW$6:$CW$53,CW9,$CX$6:CX$53,">"&CX9,$BC$6:$BC$53,INDEX(T_Equipos[Grupo],MATCH(BD9,T_Equipos[NombreEquipo],0))) -> 3 | CZ9: =IF(COUNTIFS($CY$6:$CY$53,CY9,$BC$6:$BC$53,INDEX(T_Equipos[Grupo],MATCH(BD9,T_Equipos[NombreEquipo],0)))=1,"-","P."&CY9&" ("&COUNTIFS($CY$6:$CY$53,CY9,$BC$6:$BC$53,INDEX(T_Equipos[Grupo],MATCH(BD9,T_Equipos[NombreEquipo],0)))&")") -> - | DA9: =IF(CZ9="-","-",COUNTIFS(T_Equipos[Rank],"<"&INDEX(T_Equipos[Rank],MATCH(BD9,T_Equipos[NombreEquipo],0)),$BC$6:$BC$53,INDEX(T_Equipos[Grupo],MATCH(BD9,T_Equipos[NombreEquipo],0)))+1) -> - | DB9: =CY9+COUNTIFS($CZ$6:$CZ$53,CZ9,$DA$6:DA$53,"<"&DA9,$BC$6:$BC$53,INDEX(T_Equipos[Grupo],MATCH(BD9,T_Equipos[NombreEquipo],0))) -> 3 | DD9: =IF(OR(INDEX($AW$6:$AW$97,MATCH($BD9,$AV$6:$AV$97,0))="",CZ9="-"),DB9,INDEX($AW$6:$AW$97,MATCH($BD9,$AV$6:$AV$97,0))+DB9/1000) -> 3 | DE9: =IF(CZ9="-","-",COUNTIFS(DD$6:DD$53,"<"&DD9,$BC$6:$BC$53,INDEX(T_Equipos[Grupo],MATCH(BD9,T_Equipos[NombreEquipo],0)))) -> - | DF9: =CY9+COUNTIFS(CZ$6:CZ$53,CZ9,DE$6:DE$53,"<"&DE9,$BC$6:$BC$53,INDEX(T_Equipos[Grupo],MATCH(BD9,T_Equipos[NombreEquipo],0))) -> 3 | DH9: =INDEX($CY$6:$CY$53,MATCH($DO9,$BD$6:$BD$53,0)) -> 4 | DI9: =+SUMIF($BC$6:$BC$53,BC9,$BF$6:$BF$53) -> 12 | DJ9: =IF(OR(DI9=12,$AJ$99=144),COUNTIFS($DH$6:$DH$53,DH9,$BC$6:$BC$53,BC9),1) -> 1 | DK9: =DH9&"."&DJ9 -> 4.1 | DL9: {=OFFSET(Horarios!$P$3,DH9-1,0,DJ9,1)} -> 4 | DN9: 4A | DO9: =INDEX($BD$6:$BD$53,MATCH(DN9,$BM$6:$BM$53,0)) -> Corea del Sur
BC10: =+INDEX(T_Equipos[Grupo],MATCH(WORLDCUP!BD10,T_Equipos[NombreEquipo],0)) -> B | BD10: =+Equipos!B6 -> Canadá | BE10: =+BG10*3+BH10+IF($AZ$3="No",0,INDEX($AZ$6:$AZ$97,MATCH(BD10,$AY$6:$AY$97,0))) -> 4 | BF10: =+BG10+BH10+BI10 -> 3 | BG10: =+COUNTIFS(FGLocal,BD10,Ganador,"Local")+COUNTIFS(FGVisitante,BD10,Ganador,"Visitante") -> 1 | BH10: =+COUNTIFS(FGLocal,BD10,Ganador,"Empate")+COUNTIFS(FGVisitante,BD10,Ganador,"Empate") -> 1 | BI10: =+COUNTIFS(FGVisitante,BD10,Ganador,"Local")+COUNTIFS(FGLocal,BD10,Ganador,"Visitante") -> 1 | BJ10: =+SUMIFS(FG_GolesLocal,FGLocal,BD10,Ganador,"<>"&"Pendiente",FG_GolesLocal,"<>"&"",FG_GolesVisitante,"<>"&"")+SUMIFS(FG_GolesVisitante,FGVisitante,BD10,Ganador,"<>"&"Pendiente",FG_GolesLocal,"<>"&"",FG_GolesVisitante,"<>"&"") -> 2 | BK10: =+SUMIFS(FG_GolesLocal,FGVisitante,BD10,Ganador,"<>"&"Pendiente",FG_GolesLocal,"<>"&"",FG_GolesVisitante,"<>"&"")+SUMIFS(FG_GolesVisitante,FGLocal,BD10,Ganador,"<>"&"Pendiente",FG_GolesLocal,"<>"&"",FG_GolesVisitante,"<>"&"") -> 2 | BL10: =+BJ10-BK10 -> 0 | BM10: =DB10&BC10 -> 2B | BN10: =DF10&BC10 -> 2B | BP10: =+BE10 -> 4 | BQ10: =COUNTIFS($BE$6:$BE$53,">"&BE10,$BC$6:$BC$53,INDEX(T_Equipos[Grupo],MATCH(BD10,T_Equipos[NombreEquipo],0)))+1 -> 2 | BR10: =IF(COUNTIFS($BQ$6:$BQ$53,BQ10,$BC$6:$BC$53,INDEX(T_Equipos[Grupo],MATCH(BD10,T_Equipos[NombreEquipo],0)))=1,"-","P."&BQ10&" ("&COUNTIFS($BQ$6:$BQ$53,BQ10,$BC$6:$BC$53,INDEX(T_Equipos[Grupo],MATCH(BD10,T_Equipos[NombreEquipo],0)))&")") -> - | BS10: =IF($BR10="-","-",COUNTIFS(FGLocal,$BD10,Ganador,"Local",Part1Empate1V,$BR10)+COUNTIFS(FGVisitante,$BD10,Ganador,"Visitante",Part1Empate1L,$BR10)) -> - | BT10: =IF($BR10="-","-",COUNTIFS(FGLocal,$BD10,Ganador,"Empate",Part1Empate1V,$BR10)+COUNTIFS(FGVisitante,$BD10,Ganador,"Empate",Part1Empate1L,$BR10)) -> - | BU10: =IF($BR10="-","-",COUNTIFS(FGLocal,$BD10,Ganador,"Visitante",Part1Empate1V,$BR10)+COUNTIFS(FGVisitante,$BD10,Ganador,"Local",Part1Empate1L,$BR10)) -> - | BV10: =IF($BR10="-","-",BS10*3+BT10) -> - | BW10: =BQ10+COUNTIFS($BR$6:$BR$53,BR10,$BV$6:BV$53,">"&BV10,$BC$6:$BC$53,INDEX(T_Equipos[Grupo],MATCH(BD10,T_Equipos[NombreEquipo],0))) -> 2 | BX10: =IF(COUNTIFS($BW$6:$BW$53,BW10,$BC$6:$BC$53,INDEX(T_Equipos[Grupo],MATCH(BD10,T_Equipos[NombreEquipo],0)))=1,"-","P."&BW10&" ("&COUNTIFS($BW$6:$BW$53,BW10,$BC$6:$BC$53,INDEX(T_Equipos[Grupo],MATCH(BD10,T_Equipos[NombreEquipo],0)))&")") -> - | BY10: =IF($BX10="-","-",SUMIFS(FG_GolesLocal,FGLocal,$BD10,Part1Empate2V,$BX10)+SUMIFS(FG_GolesVisitante,FGVisitante,$BD10,Part1Empate2L,$BX10)) -> - | BZ10: =IF($BX10="-","-",SUMIFS(FG_GolesVisitante,FGLocal,$BD10,Part1Empate2V,$BX10)+SUMIFS(FG_GolesLocal,FGVisitante,$BD10,Part1Empate2L,$BX10)) -> - | CA10: =IF($BX10="-","-",BY10-BZ10) -> - | CB10: =BW10+COUNTIFS($BX$6:$BX$53,BX10,$CA$6:CA$53,">"&CA10,$BC$6:$BC$53,INDEX(T_Equipos[Grupo],MATCH(BD10,T_Equipos[NombreEquipo],0))) -> 2 | CC10: =IF(COUNTIFS($CB$6:$CB$53,CB10,$BC$6:$BC$53,INDEX(T_Equipos[Grupo],MATCH(BD10,T_Equipos[NombreEquipo],0)))=1,"-","P."&CB10&" ("&COUNTIFS($CB$6:$CB$53,CB10,$BC$6:$BC$53,INDEX(T_Equipos[Grupo],MATCH(BD10,T_Equipos[NombreEquipo],0)))&")") -> - | CD10: =IF($CC10="-","-",SUMIFS(FG_GolesLocal,FGLocal,$BD10,Part1Empate3V,$CC10)+SUMIFS(FG_GolesVisitante,FGVisitante,$BD10,Part1Empate3L,$CC10)) -> - | CE10: =CB10+COUNTIFS($CC$6:$CC$53,CC10,$CD$6:CD$53,">"&CD10,$BC$6:$BC$53,INDEX(T_Equipos[Grupo],MATCH(BD10,T_Equipos[NombreEquipo],0))) -> 2 | CF10: =IF(COUNTIFS($CE$6:$CE$53,CE10,$BC$6:$BC$53,INDEX(T_Equipos[Grupo],MATCH(BD10,T_Equipos[NombreEquipo],0)))=1,"-","P."&CE10&" ("&COUNTIFS($CE$6:$CE$53,CE10,$BC$6:$BC$53,INDEX(T_Equipos[Grupo],MATCH(BD10,T_Equipos[NombreEquipo],0)))&")") -> - | CG10: =IF($CF10="-","-",COUNTIFS(FGLocal,$BD10,Ganador,"Local",Part2Empate4V,$CF10)+COUNTIFS(FGVisitante,$BD10,Ganador,"Visitante",Part2Empate4L,$CF10)) -> - | CH10: =IF($CF10="-","-",COUNTIFS(FGLocal,$BD10,Ganador,"Empate",Part2Empate4V,$CF10)+COUNTIFS(FGVisitante,$BD10,Ganador,"Empate",Part2Empate4L,$CF10)) -> - | CI10: =IF($CF10="-","-",COUNTIFS(FGLocal,$BD10,Ganador,"Visitante",Part2Empate4V,$CF10)+COUNTIFS(FGVisitante,$BD10,Ganador,"Local",Part2Empate4L,$CF10)) -> - | CJ10: =IF($CF10="-","-",CG10*3+CH10) -> - | CK10: =CE10+COUNTIFS($CF$6:$CF$53,CF10,$CJ$6:CJ$53,">"&CJ10,$BC$6:$BC$53,INDEX(T_Equipos[Grupo],MATCH(BD10,T_Equipos[NombreEquipo],0))) -> 2 | CL10: =IF(COUNTIFS($CK$6:$CK$53,CK10,$BC$6:$BC$53,INDEX(T_Equipos[Grupo],MATCH(BD10,T_Equipos[NombreEquipo],0)))=1,"-","P."&CK10&" ("&COUNTIFS($CK$6:$CK$53,CK10,$BC$6:$BC$53,INDEX(T_Equipos[Grupo],MATCH(BD10,T_Equipos[NombreEquipo],0)))&")") -> - | CM10: =IF($CL10="-","-",SUMIFS(FG_GolesLocal,FGLocal,$BD10,Part2Empate5V,$CL10)+SUMIFS(FG_GolesVisitante,FGVisitante,$BD10,Part2Empate5L,$CL10)) -> - | CN10: =IF($CL10="-","-",SUMIFS(FG_GolesVisitante,FGLocal,$BD10,Part2Empate5V,$CL10)+SUMIFS(FG_GolesLocal,FGVisitante,$BD10,Part2Empate5L,$CL10)) -> - | CO10: =IF($CL10="-","-",CM10-CN10) -> - | CP10: =CK10+COUNTIFS($CL$6:$CL$53,CL10,$CO$6:CO$53,">"&CO10,$BC$6:$BC$53,INDEX(T_Equipos[Grupo],MATCH(BD10,T_Equipos[NombreEquipo],0))) -> 2 | CQ10: =IF(COUNTIFS($CP$6:$CP$53,CP10,$BC$6:$BC$53,INDEX(T_Equipos[Grupo],MATCH(BD10,T_Equipos[NombreEquipo],0)))=1,"-","P."&CP10&" ("&COUNTIFS($CP$6:$CP$53,CP10,$BC$6:$BC$53,INDEX(T_Equipos[Grupo],MATCH(BD10,T_Equipos[NombreEquipo],0)))&")") -> - | CR10: =IF($CQ10="-","-",SUMIFS(FG_GolesLocal,FGLocal,$BD10,Part2Empate6V,$CQ10)+SUMIFS(FG_GolesVisitante,FGVisitante,$BD10,Part2Empate6L,$CQ10)) -> - | CS10: =CP10+COUNTIFS($CQ$6:$CQ$53,CQ10,$CR$6:CR$53,">"&CR10,$BC$6:$BC$53,INDEX(T_Equipos[Grupo],MATCH(BD10,T_Equipos[NombreEquipo],0))) -> 2 | CT10: =IF(COUNTIFS($CS$6:$CS$53,CS10,$BC$6:$BC$53,INDEX(T_Equipos[Grupo],MATCH(BD10,T_Equipos[NombreEquipo],0)))=1,"-","P."&CS10&" ("&COUNTIFS($CS$6:$CS$53,CS10,$BC$6:$BC$53,INDEX(T_Equipos[Grupo],MATCH(BD10,T_Equipos[NombreEquipo],0)))&")") -> - | CU10: =IF(CT10="-","-",BL10) -> - | CV10: =CS10+COUNTIFS($CT$6:$CT$53,CT10,$CU$6:CU$53,">"&CU10,$BC$6:$BC$53,INDEX(T_Equipos[Grupo],MATCH(BD10,T_Equipos[NombreEquipo],0))) -> 2 | CW10: =IF(COUNTIFS($CV$6:$CV$53,CV10,$BC$6:$BC$53,INDEX(T_Equipos[Grupo],MATCH(BD10,T_Equipos[NombreEquipo],0)))=1,"-","P."&CV10&" ("&COUNTIFS($CV$6:$CV$53,CV10,$BC$6:$BC$53,INDEX(T_Equipos[Grupo],MATCH(BD10,T_Equipos[NombreEquipo],0)))&")") -> - | CX10: =IF(CW10="-","-",BJ10) -> - | CY10: =CV10+COUNTIFS($CW$6:$CW$53,CW10,$CX$6:CX$53,">"&CX10,$BC$6:$BC$53,INDEX(T_Equipos[Grupo],MATCH(BD10,T_Equipos[NombreEquipo],0))) -> 2 | CZ10: =IF(COUNTIFS($CY$6:$CY$53,CY10,$BC$6:$BC$53,INDEX(T_Equipos[Grupo],MATCH(BD10,T_Equipos[NombreEquipo],0)))=1,"-","P."&CY10&" ("&COUNTIFS($CY$6:$CY$53,CY10,$BC$6:$BC$53,INDEX(T_Equipos[Grupo],MATCH(BD10,T_Equipos[NombreEquipo],0)))&")") -> - | DA10: =IF(CZ10="-","-",COUNTIFS(T_Equipos[Rank],"<"&INDEX(T_Equipos[Rank],MATCH(BD10,T_Equipos[NombreEquipo],0)),$BC$6:$BC$53,INDEX(T_Equipos[Grupo],MATCH(BD10,T_Equipos[NombreEquipo],0)))+1) -> - | DB10: =CY10+COUNTIFS($CZ$6:$CZ$53,CZ10,$DA$6:DA$53,"<"&DA10,$BC$6:$BC$53,INDEX(T_Equipos[Grupo],MATCH(BD10,T_Equipos[NombreEquipo],0))) -> 2 | DD10: =IF(OR(INDEX($AW$6:$AW$97,MATCH($BD10,$AV$6:$AV$97,0))="",CZ10="-"),DB10,INDEX($AW$6:$AW$97,MATCH($BD10,$AV$6:$AV$97,0))+DB10/1000) -> 2 | DE10: =IF(CZ10="-","-",COUNTIFS(DD$6:DD$53,"<"&DD10,$BC$6:$BC$53,INDEX(T_Equipos[Grupo],MATCH(BD10,T_Equipos[NombreEquipo],0)))) -> - | DF10: =CY10+COUNTIFS(CZ$6:CZ$53,CZ10,DE$6:DE$53,"<"&DE10,$BC$6:$BC$53,INDEX(T_Equipos[Grupo],MATCH(BD10,T_Equipos[NombreEquipo],0))) -> 2 | DH10: =INDEX($CY$6:$CY$53,MATCH($DO10,$BD$6:$BD$53,0)) -> 1 | DI10: =+SUMIF($BC$6:$BC$53,BC10,$BF$6:$BF$53) -> 12 | DJ10: =IF(OR(DI10=12,$AJ$99=144),COUNTIFS($DH$6:$DH$53,DH10,$BC$6:$BC$53,BC10),1) -> 1 | DK10: =DH10&"."&DJ10 -> 1.1 | DL10: {=OFFSET(Horarios!$P$3,DH10-1,0,DJ10,1)} -> 1 | DN10: 1B | DO10: =INDEX($BD$6:$BD$53,MATCH(DN10,$BM$6:$BM$53,0)) -> Suiza | STF10: matejero
X11: =X3 -> Fecha | Y11: =Y3 -> Hora | Z11: =Z3 -> Jor. | AA11: =AA3 -> Casa | AC11: =AC3 -> Gol | AD11: =AD3 -> Gol | AF11: =AF3 -> Fuera | BC11: =+INDEX(T_Equipos[Grupo],MATCH(WORLDCUP!BD11,T_Equipos[NombreEquipo],0)) -> B | BD11: =+Equipos!B7 -> PO A: ITA/NIR/WAL/BIH | BE11: =+BG11*3+BH11+IF($AZ$3="No",0,INDEX($AZ$6:$AZ$97,MATCH(BD11,$AY$6:$AY$97,0))) -> 1 | BF11: =+BG11+BH11+BI11 -> 3 | BG11: =+COUNTIFS(FGLocal,BD11,Ganador,"Local")+COUNTIFS(FGVisitante,BD11,Ganador,"Visitante") -> 0 | BH11: =+COUNTIFS(FGLocal,BD11,Ganador,"Empate")+COUNTIFS(FGVisitante,BD11,Ganador,"Empate") -> 1 | BI11: =+COUNTIFS(FGVisitante,BD11,Ganador,"Local")+COUNTIFS(FGLocal,BD11,Ganador,"Visitante") -> 2 | BJ11: =+SUMIFS(FG_GolesLocal,FGLocal,BD11,Ganador,"<>"&"Pendiente",FG_GolesLocal,"<>"&"",FG_GolesVisitante,"<>"&"")+SUMIFS(FG_GolesVisitante,FGVisitante,BD11,Ganador,"<>"&"Pendiente",FG_GolesLocal,"<>"&"",FG_GolesVisitante,"<>"&"") -> 1 | BK11: =+SUMIFS(FG_GolesLocal,FGVisitante,BD11,Ganador,"<>"&"Pendiente",FG_GolesLocal,"<>"&"",FG_GolesVisitante,"<>"&"")+SUMIFS(FG_GolesVisitante,FGLocal,BD11,Ganador,"<>"&"Pendiente",FG_GolesLocal,"<>"&"",FG_GolesVisitante,"<>"&"") -> 3 | BL11: =+BJ11-BK11 -> -2 | BM11: =DB11&BC11 -> 4B | BN11: =DF11&BC11 -> 4B | BP11: =+BE11 -> 1 | BQ11: =COUNTIFS($BE$6:$BE$53,">"&BE11,$BC$6:$BC$53,INDEX(T_Equipos[Grupo],MATCH(BD11,T_Equipos[NombreEquipo],0)))+1 -> 4 | BR11: =IF(COUNTIFS($BQ$6:$BQ$53,BQ11,$BC$6:$BC$53,INDEX(T_Equipos[Grupo],MATCH(BD11,T_Equipos[NombreEquipo],0)))=1,"-","P."&BQ11&" ("&COUNTIFS($BQ$6:$BQ$53,BQ11,$BC$6:$BC$53,INDEX(T_Equipos[Grupo],MATCH(BD11,T_Equipos[NombreEquipo],0)))&")") -> - | BS11: =IF($BR11="-","-",COUNTIFS(FGLocal,$BD11,Ganador,"Local",Part1Empate1V,$BR11)+COUNTIFS(FGVisitante,$BD11,Ganador,"Visitante",Part1Empate1L,$BR11)) -> - | BT11: =IF($BR11="-","-",COUNTIFS(FGLocal,$BD11,Ganador,"Empate",Part1Empate1V,$BR11)+COUNTIFS(FGVisitante,$BD11,Ganador,"Empate",Part1Empate1L,$BR11)) -> - | BU11: =IF($BR11="-","-",COUNTIFS(FGLocal,$BD11,Ganador,"Visitante",Part1Empate1V,$BR11)+COUNTIFS(FGVisitante,$BD11,Ganador,"Local",Part1Empate1L,$BR11)) -> - | BV11: =IF($BR11="-","-",BS11*3+BT11) -> - | BW11: =BQ11+COUNTIFS($BR$6:$BR$53,BR11,$BV$6:BV$53,">"&BV11,$BC$6:$BC$53,INDEX(T_Equipos[Grupo],MATCH(BD11,T_Equipos[NombreEquipo],0))) -> 4 | BX11: =IF(COUNTIFS($BW$6:$BW$53,BW11,$BC$6:$BC$53,INDEX(T_Equipos[Grupo],MATCH(BD11,T_Equipos[NombreEquipo],0)))=1,"-","P."&BW11&" ("&COUNTIFS($BW$6:$BW$53,BW11,$BC$6:$BC$53,INDEX(T_Equipos[Grupo],MATCH(BD11,T_Equipos[NombreEquipo],0)))&")") -> - | BY11: =IF($BX11="-","-",SUMIFS(FG_GolesLocal,FGLocal,$BD11,Part1Empate2V,$BX11)+SUMIFS(FG_GolesVisitante,FGVisitante,$BD11,Part1Empate2L,$BX11)) -> - | BZ11: =IF($BX11="-","-",SUMIFS(FG_GolesVisitante,FGLocal,$BD11,Part1Empate2V,$BX11)+SUMIFS(FG_GolesLocal,FGVisitante,$BD11,Part1Empate2L,$BX11)) -> - | CA11: =IF($BX11="-","-",BY11-BZ11) -> - | CB11: =BW11+COUNTIFS($BX$6:$BX$53,BX11,$CA$6:CA$53,">"&CA11,$BC$6:$BC$53,INDEX(T_Equipos[Grupo],MATCH(BD11,T_Equipos[NombreEquipo],0))) -> 4 | CC11: =IF(COUNTIFS($CB$6:$CB$53,CB11,$BC$6:$BC$53,INDEX(T_Equipos[Grupo],MATCH(BD11,T_Equipos[NombreEquipo],0)))=1,"-","P."&CB11&" ("&COUNTIFS($CB$6:$CB$53,CB11,$BC$6:$BC$53,INDEX(T_Equipos[Grupo],MATCH(BD11,T_Equipos[NombreEquipo],0)))&")") -> - | CD11: =IF($CC11="-","-",SUMIFS(FG_GolesLocal,FGLocal,$BD11,Part1Empate3V,$CC11)+SUMIFS(FG_GolesVisitante,FGVisitante,$BD11,Part1Empate3L,$CC11)) -> - | CE11: =CB11+COUNTIFS($CC$6:$CC$53,CC11,$CD$6:CD$53,">"&CD11,$BC$6:$BC$53,INDEX(T_Equipos[Grupo],MATCH(BD11,T_Equipos[NombreEquipo],0))) -> 4 | CF11: =IF(COUNTIFS($CE$6:$CE$53,CE11,$BC$6:$BC$53,INDEX(T_Equipos[Grupo],MATCH(BD11,T_Equipos[NombreEquipo],0)))=1,"-","P."&CE11&" ("&COUNTIFS($CE$6:$CE$53,CE11,$BC$6:$BC$53,INDEX(T_Equipos[Grupo],MATCH(BD11,T_Equipos[NombreEquipo],0)))&")") -> - | CG11: =IF($CF11="-","-",COUNTIFS(FGLocal,$BD11,Ganador,"Local",Part2Empate4V,$CF11)+COUNTIFS(FGVisitante,$BD11,Ganador,"Visitante",Part2Empate4L,$CF11)) -> - | CH11: =IF($CF11="-","-",COUNTIFS(FGLocal,$BD11,Ganador,"Empate",Part2Empate4V,$CF11)+COUNTIFS(FGVisitante,$BD11,Ganador,"Empate",Part2Empate4L,$CF11)) -> - | CI11: =IF($CF11="-","-",COUNTIFS(FGLocal,$BD11,Ganador,"Visitante",Part2Empate4V,$CF11)+COUNTIFS(FGVisitante,$BD11,Ganador,"Local",Part2Empate4L,$CF11)) -> - | CJ11: =IF($CF11="-","-",CG11*3+CH11) -> - | CK11: =CE11+COUNTIFS($CF$6:$CF$53,CF11,$CJ$6:CJ$53,">"&CJ11,$BC$6:$BC$53,INDEX(T_Equipos[Grupo],MATCH(BD11,T_Equipos[NombreEquipo],0))) -> 4 | CL11: =IF(COUNTIFS($CK$6:$CK$53,CK11,$BC$6:$BC$53,INDEX(T_Equipos[Grupo],MATCH(BD11,T_Equipos[NombreEquipo],0)))=1,"-","P."&CK11&" ("&COUNTIFS($CK$6:$CK$53,CK11,$BC$6:$BC$53,INDEX(T_Equipos[Grupo],MATCH(BD11,T_Equipos[NombreEquipo],0)))&")") -> - | CM11: =IF($CL11="-","-",SUMIFS(FG_GolesLocal,FGLocal,$BD11,Part2Empate5V,$CL11)+SUMIFS(FG_GolesVisitante,FGVisitante,$BD11,Part2Empate5L,$CL11)) -> - | CN11: =IF($CL11="-","-",SUMIFS(FG_GolesVisitante,FGLocal,$BD11,Part2Empate5V,$CL11)+SUMIFS(FG_GolesLocal,FGVisitante,$BD11,Part2Empate5L,$CL11)) -> - | CO11: =IF($CL11="-","-",CM11-CN11) -> - | CP11: =CK11+COUNTIFS($CL$6:$CL$53,CL11,$CO$6:CO$53,">"&CO11,$BC$6:$BC$53,INDEX(T_Equipos[Grupo],MATCH(BD11,T_Equipos[NombreEquipo],0))) -> 4 | CQ11: =IF(COUNTIFS($CP$6:$CP$53,CP11,$BC$6:$BC$53,INDEX(T_Equipos[Grupo],MATCH(BD11,T_Equipos[NombreEquipo],0)))=1,"-","P."&CP11&" ("&COUNTIFS($CP$6:$CP$53,CP11,$BC$6:$BC$53,INDEX(T_Equipos[Grupo],MATCH(BD11,T_Equipos[NombreEquipo],0)))&")") -> - | CR11: =IF($CQ11="-","-",SUMIFS(FG_GolesLocal,FGLocal,$BD11,Part2Empate6V,$CQ11)+SUMIFS(FG_GolesVisitante,FGVisitante,$BD11,Part2Empate6L,$CQ11)) -> - | CS11: =CP11+COUNTIFS($CQ$6:$CQ$53,CQ11,$CR$6:CR$53,">"&CR11,$BC$6:$BC$53,INDEX(T_Equipos[Grupo],MATCH(BD11,T_Equipos[NombreEquipo],0))) -> 4 | CT11: =IF(COUNTIFS($CS$6:$CS$53,CS11,$BC$6:$BC$53,INDEX(T_Equipos[Grupo],MATCH(BD11,T_Equipos[NombreEquipo],0)))=1,"-","P."&CS11&" ("&COUNTIFS($CS$6:$CS$53,CS11,$BC$6:$BC$53,INDEX(T_Equipos[Grupo],MATCH(BD11,T_Equipos[NombreEquipo],0)))&")") -> - | CU11: =IF(CT11="-","-",BL11) -> - | CV11: =CS11+COUNTIFS($CT$6:$CT$53,CT11,$CU$6:CU$53,">"&CU11,$BC$6:$BC$53,INDEX(T_Equipos[Grupo],MATCH(BD11,T_Equipos[NombreEquipo],0))) -> 4 | CW11: =IF(COUNTIFS($CV$6:$CV$53,CV11,$BC$6:$BC$53,INDEX(T_Equipos[Grupo],MATCH(BD11,T_Equipos[NombreEquipo],0)))=1,"-","P."&CV11&" ("&COUNTIFS($CV$6:$CV$53,CV11,$BC$6:$BC$53,INDEX(T_Equipos[Grupo],MATCH(BD11,T_Equipos[NombreEquipo],0)))&")") -> - | CX11: =IF(CW11="-","-",BJ11) -> - | CY11: =CV11+COUNTIFS($CW$6:$CW$53,CW11,$CX$6:CX$53,">"&CX11,$BC$6:$BC$53,INDEX(T_Equipos[Grupo],MATCH(BD11,T_Equipos[NombreEquipo],0))) -> 4 | CZ11: =IF(COUNTIFS($CY$6:$CY$53,CY11,$BC$6:$BC$53,INDEX(T_Equipos[Grupo],MATCH(BD11,T_Equipos[NombreEquipo],0)))=1,"-","P."&CY11&" ("&COUNTIFS($CY$6:$CY$53,CY11,$BC$6:$BC$53,INDEX(T_Equipos[Grupo],MATCH(BD11,T_Equipos[NombreEquipo],0)))&")") -> - | DA11: =IF(CZ11="-","-",COUNTIFS(T_Equipos[Rank],"<"&INDEX(T_Equipos[Rank],MATCH(BD11,T_Equipos[NombreEquipo],0)),$BC$6:$BC$53,INDEX(T_Equipos[Grupo],MATCH(BD11,T_Equipos[NombreEquipo],0)))+1) -> - | DB11: =CY11+COUNTIFS($CZ$6:$CZ$53,CZ11,$DA$6:DA$53,"<"&DA11,$BC$6:$BC$53,INDEX(T_Equipos[Grupo],MATCH(BD11,T_Equipos[NombreEquipo],0))) -> 4 | DD11: =IF(OR(INDEX($AW$6:$AW$97,MATCH($BD11,$AV$6:$AV$97,0))="",CZ11="-"),DB11,INDEX($AW$6:$AW$97,MATCH($BD11,$AV$6:$AV$97,0))+DB11/1000) -> 4 | DE11: =IF(CZ11="-","-",COUNTIFS(DD$6:DD$53,"<"&DD11,$BC$6:$BC$53,INDEX(T_Equipos[Grupo],MATCH(BD11,T_Equipos[NombreEquipo],0)))) -> - | DF11: =CY11+COUNTIFS(CZ$6:CZ$53,CZ11,DE$6:DE$53,"<"&DE11,$BC$6:$BC$53,INDEX(T_Equipos[Grupo],MATCH(BD11,T_Equipos[NombreEquipo],0))) -> 4 | DH11: =INDEX($CY$6:$CY$53,MATCH($DO11,$BD$6:$BD$53,0)) -> 2 | DI11: =+SUMIF($BC$6:$BC$53,BC11,$BF$6:$BF$53) -> 12 | DJ11: =IF(OR(DI11=12,$AJ$99=144),COUNTIFS($DH$6:$DH$53,DH11,$BC$6:$BC$53,BC11),1) -> 1 | DK11: =DH11&"."&DJ11 -> 2.1 | DL11: {=OFFSET(Horarios!$P$3,DH11-1,0,DJ11,1)} -> 2 | DN11: 2B | DO11: =INDEX($BD$6:$BD$53,MATCH(DN11,$BM$6:$BM$53,0)) -> Canadá
A12: NombreEquipo | B12: B | C12: =COUNTIF(Equipos!$C$2:$C$49,WORLDCUP!B12) -> 4 | D12: =IF(OR(AC12="",AD12=""),"Pendiente",IF(AC12>AD12,"Local",IF(AC12<AD12,"Visitante","Empate"))) -> Empate | E12: =IF(D12="Pendiente","-",INDEX($BR$6:$BR$53,MATCH($AA12,$BD$6:$BD$53,0))) -> - | F12: =IF(D12="Pendiente","-",INDEX($BR$6:$BR$53,MATCH($AF12,$BD$6:$BD$53,0))) -> - | H12: =IF(D12="Pendiente","-",INDEX($BX$6:$BX$53,MATCH($AA12,$BD$6:$BD$53,0))) -> - | I12: =IF(D12="Pendiente","-",INDEX($BX$6:$BX$53,MATCH($AF12,$BD$6:$BD$53,0))) -> - | K12: =IF(D12="Pendiente","-",INDEX($CC$6:$CC$53,MATCH($AA12,$BD$6:$BD$53,0))) -> - | L12: =IF(D12="Pendiente","-",INDEX($CC$6:$CC$53,MATCH($AF12,$BD$6:$BD$53,0))) -> - | N12: =IF(D12="Pendiente","-",INDEX($CF$6:$CF$53,MATCH($AA12,$BD$6:$BD$53,0))) -> - | O12: =IF(D12="Pendiente","-",INDEX($CF$6:$CF$53,MATCH($AF12,$BD$6:$BD$53,0))) -> - | Q12: =IF(D12="Pendiente","-",INDEX($CL$6:$CL$53,MATCH($AA12,$BD$6:$BD$53,0))) -> - | R12: =IF(D12="Pendiente","-",INDEX($CL$6:$CL$53,MATCH($AF12,$BD$6:$BD$53,0))) -> - | T12: =IF(D12="Pendiente","-",INDEX($CQ$6:$CQ$53,MATCH($AA12,$BD$6:$BD$53,0))) -> - | U12: =IF(D12="Pendiente","-",INDEX($CQ$6:$CQ$53,MATCH($AF12,$BD$6:$BD$53,0))) -> - | W12: B | X12: =Horarios!C12 -> 46185.875 | Y12: =Horarios!C12 -> 46185.875 | Z12: =$Z$4 -> J1 | AA12: =A13 -> Canadá | AB12: =+INDEX(Equipos!$L$2:$L$49,MATCH(WORLDCUP!AA12,Equipos!$K$2:$K$49,0)) -> 🇨🇦 | AC12: 1 | AD12: 1 | AE12: =+INDEX(Equipos!$L$2:$L$49,MATCH(WORLDCUP!AF12,Equipos!$K$2:$K$49,0)) | AF12: =A14 -> PO A: ITA/NIR/WAL/BIH | AG12: =IF(NOT(OR(ISBLANK(AC12),ISBLANK(AD12))),1,0) -> 1 | AH12: 3 | AJ12: =CONCATENATE(AJ3," ",B12) -> Grupo B | AV12: =IF(AU13>0,$AV$3,"") | BC12: =+INDEX(T_Equipos[Grupo],MATCH(WORLDCUP!BD12,T_Equipos[NombreEquipo],0)) -> B | BD12: =+Equipos!B8 -> Catar | BE12: =+BG12*3+BH12+IF($AZ$3="No",0,INDEX($AZ$6:$AZ$97,MATCH(BD12,$AY$6:$AY$97,0))) -> 3 | BF12: =+BG12+BH12+BI12 -> 3 | BG12: =+COUNTIFS(FGLocal,BD12,Ganador,"Local")+COUNTIFS(FGVisitante,BD12,Ganador,"Visitante") -> 1 | BH12: =+COUNTIFS(FGLocal,BD12,Ganador,"Empate")+COUNTIFS(FGVisitante,BD12,Ganador,"Empate") -> 0 | BI12: =+COUNTIFS(FGVisitante,BD12,Ganador,"Local")+COUNTIFS(FGLocal,BD12,Ganador,"Visitante") -> 2 | BJ12: =+SUMIFS(FG_GolesLocal,FGLocal,BD12,Ganador,"<>"&"Pendiente",FG_GolesLocal,"<>"&"",FG_GolesVisitante,"<>"&"")+SUMIFS(FG_GolesVisitante,FGVisitante,BD12,Ganador,"<>"&"Pendiente",FG_GolesLocal,"<>"&"",FG_GolesVisitante,"<>"&"") -> 1 | BK12: =+SUMIFS(FG_GolesLocal,FGVisitante,BD12,Ganador,"<>"&"Pendiente",FG_GolesLocal,"<>"&"",FG_GolesVisitante,"<>"&"")+SUMIFS(FG_GolesVisitante,FGLocal,BD12,Ganador,"<>"&"Pendiente",FG_GolesLocal,"<>"&"",FG_GolesVisitante,"<>"&"") -> 3 | BL12: =+BJ12-BK12 -> -2 | BM12: =DB12&BC12 -> 3B | BN12: =DF12&BC12 -> 3B | BP12: =+BE12 -> 3 | BQ12: =COUNTIFS($BE$6:$BE$53,">"&BE12,$BC$6:$BC$53,INDEX(T_Equipos[Grupo],MATCH(BD12,T_Equipos[NombreEquipo],0)))+1 -> 3 | BR12: =IF(COUNTIFS($BQ$6:$BQ$53,BQ12,$BC$6:$BC$53,INDEX(T_Equipos[Grupo],MATCH(BD12,T_Equipos[NombreEquipo],0)))=1,"-","P."&BQ12&" ("&COUNTIFS($BQ$6:$BQ$53,BQ12,$BC$6:$BC$53,INDEX(T_Equipos[Grupo],MATCH(BD12,T_Equipos[NombreEquipo],0)))&")") -> - | BS12: =IF($BR12="-","-",COUNTIFS(FGLocal,$BD12,Ganador,"Local",Part1Empate1V,$BR12)+COUNTIFS(FGVisitante,$BD12,Ganador,"Visitante",Part1Empate1L,$BR12)) -> - | BT12: =IF($BR12="-","-",COUNTIFS(FGLocal,$BD12,Ganador,"Empate",Part1Empate1V,$BR12)+COUNTIFS(FGVisitante,$BD12,Ganador,"Empate",Part1Empate1L,$BR12)) -> - | BU12: =IF($BR12="-","-",COUNTIFS(FGLocal,$BD12,Ganador,"Visitante",Part1Empate1V,$BR12)+COUNTIFS(FGVisitante,$BD12,Ganador,"Local",Part1Empate1L,$BR12)) -> - | BV12: =IF($BR12="-","-",BS12*3+BT12) -> - | BW12: =BQ12+COUNTIFS($BR$6:$BR$53,BR12,$BV$6:BV$53,">"&BV12,$BC$6:$BC$53,INDEX(T_Equipos[Grupo],MATCH(BD12,T_Equipos[NombreEquipo],0))) -> 3 | BX12: =IF(COUNTIFS($BW$6:$BW$53,BW12,$BC$6:$BC$53,INDEX(T_Equipos[Grupo],MATCH(BD12,T_Equipos[NombreEquipo],0)))=1,"-","P."&BW12&" ("&COUNTIFS($BW$6:$BW$53,BW12,$BC$6:$BC$53,INDEX(T_Equipos[Grupo],MATCH(BD12,T_Equipos[NombreEquipo],0)))&")") -> - | BY12: =IF($BX12="-","-",SUMIFS(FG_GolesLocal,FGLocal,$BD12,Part1Empate2V,$BX12)+SUMIFS(FG_GolesVisitante,FGVisitante,$BD12,Part1Empate2L,$BX12)) -> - | BZ12: =IF($BX12="-","-",SUMIFS(FG_GolesVisitante,FGLocal,$BD12,Part1Empate2V,$BX12)+SUMIFS(FG_GolesLocal,FGVisitante,$BD12,Part1Empate2L,$BX12)) -> - | CA12: =IF($BX12="-","-",BY12-BZ12) -> - | CB12: =BW12+COUNTIFS($BX$6:$BX$53,BX12,$CA$6:CA$53,">"&CA12,$BC$6:$BC$53,INDEX(T_Equipos[Grupo],MATCH(BD12,T_Equipos[NombreEquipo],0))) -> 3 | CC12: =IF(COUNTIFS($CB$6:$CB$53,CB12,$BC$6:$BC$53,INDEX(T_Equipos[Grupo],MATCH(BD12,T_Equipos[NombreEquipo],0)))=1,"-","P."&CB12&" ("&COUNTIFS($CB$6:$CB$53,CB12,$BC$6:$BC$53,INDEX(T_Equipos[Grupo],MATCH(BD12,T_Equipos[NombreEquipo],0)))&")") -> - | CD12: =IF($CC12="-","-",SUMIFS(FG_GolesLocal,FGLocal,$BD12,Part1Empate3V,$CC12)+SUMIFS(FG_GolesVisitante,FGVisitante,$BD12,Part1Empate3L,$CC12)) -> - | CE12: =CB12+COUNTIFS($CC$6:$CC$53,CC12,$CD$6:CD$53,">"&CD12,$BC$6:$BC$53,INDEX(T_Equipos[Grupo],MATCH(BD12,T_Equipos[NombreEquipo],0))) -> 3 | CF12: =IF(COUNTIFS($CE$6:$CE$53,CE12,$BC$6:$BC$53,INDEX(T_Equipos[Grupo],MATCH(BD12,T_Equipos[NombreEquipo],0)))=1,"-","P."&CE12&" ("&COUNTIFS($CE$6:$CE$53,CE12,$BC$6:$BC$53,INDEX(T_Equipos[Grupo],MATCH(BD12,T_Equipos[NombreEquipo],0)))&")") -> - | CG12: =IF($CF12="-","-",COUNTIFS(FGLocal,$BD12,Ganador,"Local",Part2Empate4V,$CF12)+COUNTIFS(FGVisitante,$BD12,Ganador,"Visitante",Part2Empate4L,$CF12)) -> - | CH12: =IF($CF12="-","-",COUNTIFS(FGLocal,$BD12,Ganador,"Empate",Part2Empate4V,$CF12)+COUNTIFS(FGVisitante,$BD12,Ganador,"Empate",Part2Empate4L,$CF12)) -> - | CI12: =IF($CF12="-","-",COUNTIFS(FGLocal,$BD12,Ganador,"Visitante",Part2Empate4V,$CF12)+COUNTIFS(FGVisitante,$BD12,Ganador,"Local",Part2Empate4L,$CF12)) -> - | CJ12: =IF($CF12="-","-",CG12*3+CH12) -> - | CK12: =CE12+COUNTIFS($CF$6:$CF$53,CF12,$CJ$6:CJ$53,">"&CJ12,$BC$6:$BC$53,INDEX(T_Equipos[Grupo],MATCH(BD12,T_Equipos[NombreEquipo],0))) -> 3 | CL12: =IF(COUNTIFS($CK$6:$CK$53,CK12,$BC$6:$BC$53,INDEX(T_Equipos[Grupo],MATCH(BD12,T_Equipos[NombreEquipo],0)))=1,"-","P."&CK12&" ("&COUNTIFS($CK$6:$CK$53,CK12,$BC$6:$BC$53,INDEX(T_Equipos[Grupo],MATCH(BD12,T_Equipos[NombreEquipo],0)))&")") -> - | CM12: =IF($CL12="-","-",SUMIFS(FG_GolesLocal,FGLocal,$BD12,Part2Empate5V,$CL12)+SUMIFS(FG_GolesVisitante,FGVisitante,$BD12,Part2Empate5L,$CL12)) -> - | CN12: =IF($CL12="-","-",SUMIFS(FG_GolesVisitante,FGLocal,$BD12,Part2Empate5V,$CL12)+SUMIFS(FG_GolesLocal,FGVisitante,$BD12,Part2Empate5L,$CL12)) -> - | CO12: =IF($CL12="-","-",CM12-CN12) -> - | CP12: =CK12+COUNTIFS($CL$6:$CL$53,CL12,$CO$6:CO$53,">"&CO12,$BC$6:$BC$53,INDEX(T_Equipos[Grupo],MATCH(BD12,T_Equipos[NombreEquipo],0))) -> 3 | CQ12: =IF(COUNTIFS($CP$6:$CP$53,CP12,$BC$6:$BC$53,INDEX(T_Equipos[Grupo],MATCH(BD12,T_Equipos[NombreEquipo],0)))=1,"-","P."&CP12&" ("&COUNTIFS($CP$6:$CP$53,CP12,$BC$6:$BC$53,INDEX(T_Equipos[Grupo],MATCH(BD12,T_Equipos[NombreEquipo],0)))&")") -> - | CR12: =IF($CQ12="-","-",SUMIFS(FG_GolesLocal,FGLocal,$BD12,Part2Empate6V,$CQ12)+SUMIFS(FG_GolesVisitante,FGVisitante,$BD12,Part2Empate6L,$CQ12)) -> - | CS12: =CP12+COUNTIFS($CQ$6:$CQ$53,CQ12,$CR$6:CR$53,">"&CR12,$BC$6:$BC$53,INDEX(T_Equipos[Grupo],MATCH(BD12,T_Equipos[NombreEquipo],0))) -> 3 | CT12: =IF(COUNTIFS($CS$6:$CS$53,CS12,$BC$6:$BC$53,INDEX(T_Equipos[Grupo],MATCH(BD12,T_Equipos[NombreEquipo],0)))=1,"-","P."&CS12&" ("&COUNTIFS($CS$6:$CS$53,CS12,$BC$6:$BC$53,INDEX(T_Equipos[Grupo],MATCH(BD12,T_Equipos[NombreEquipo],0)))&")") -> - | CU12: =IF(CT12="-","-",BL12) -> - | CV12: =CS12+COUNTIFS($CT$6:$CT$53,CT12,$CU$6:CU$53,">"&CU12,$BC$6:$BC$53,INDEX(T_Equipos[Grupo],MATCH(BD12,T_Equipos[NombreEquipo],0))) -> 3 | CW12: =IF(COUNTIFS($CV$6:$CV$53,CV12,$BC$6:$BC$53,INDEX(T_Equipos[Grupo],MATCH(BD12,T_Equipos[NombreEquipo],0)))=1,"-","P."&CV12&" ("&COUNTIFS($CV$6:$CV$53,CV12,$BC$6:$BC$53,INDEX(T_Equipos[Grupo],MATCH(BD12,T_Equipos[NombreEquipo],0)))&")") -> - | CX12: =IF(CW12="-","-",BJ12) -> - | CY12: =CV12+COUNTIFS($CW$6:$CW$53,CW12,$CX$6:CX$53,">"&CX12,$BC$6:$BC$53,INDEX(T_Equipos[Grupo],MATCH(BD12,T_Equipos[NombreEquipo],0))) -> 3 | CZ12: =IF(COUNTIFS($CY$6:$CY$53,CY12,$BC$6:$BC$53,INDEX(T_Equipos[Grupo],MATCH(BD12,T_Equipos[NombreEquipo],0)))=1,"-","P."&CY12&" ("&COUNTIFS($CY$6:$CY$53,CY12,$BC$6:$BC$53,INDEX(T_Equipos[Grupo],MATCH(BD12,T_Equipos[NombreEquipo],0)))&")") -> - | DA12: =IF(CZ12="-","-",COUNTIFS(T_Equipos[Rank],"<"&INDEX(T_Equipos[Rank],MATCH(BD12,T_Equipos[NombreEquipo],0)),$BC$6:$BC$53,INDEX(T_Equipos[Grupo],MATCH(BD12,T_Equipos[NombreEquipo],0)))+1) -> - | DB12: =CY12+COUNTIFS($CZ$6:$CZ$53,CZ12,$DA$6:DA$53,"<"&DA12,$BC$6:$BC$53,INDEX(T_Equipos[Grupo],MATCH(BD12,T_Equipos[NombreEquipo],0))) -> 3 | DD12: =IF(OR(INDEX($AW$6:$AW$97,MATCH($BD12,$AV$6:$AV$97,0))="",CZ12="-"),DB12,INDEX($AW$6:$AW$97,MATCH($BD12,$AV$6:$AV$97,0))+DB12/1000) -> 3 | DE12: =IF(CZ12="-","-",COUNTIFS(DD$6:DD$53,"<"&DD12,$BC$6:$BC$53,INDEX(T_Equipos[Grupo],MATCH(BD12,T_Equipos[NombreEquipo],0)))) -> - | DF12: =CY12+COUNTIFS(CZ$6:CZ$53,CZ12,DE$6:DE$53,"<"&DE12,$BC$6:$BC$53,INDEX(T_Equipos[Grupo],MATCH(BD12,T_Equipos[NombreEquipo],0))) -> 3 | DH12: =INDEX($CY$6:$CY$53,MATCH($DO12,$BD$6:$BD$53,0)) -> 3 | DI12: =+SUMIF($BC$6:$BC$53,BC12,$BF$6:$BF$53) -> 12 | DJ12: =IF(OR(DI12=12,$AJ$99=144),COUNTIFS($DH$6:$DH$53,DH12,$BC$6:$BC$53,BC12),1) -> 1 | DK12: =DH12&"."&DJ12 -> 3.1 | DL12: {=OFFSET(Horarios!$P$3,DH12-1,0,DJ12,1)} -> 3 | DN12: 3B | DO12: =INDEX($BD$6:$BD$53,MATCH(DN12,$BM$6:$BM$53,0)) -> Catar
A13: =+Equipos!B6 -> Canadá | D13: =IF(OR(AC13="",AD13=""),"Pendiente",IF(AC13>AD13,"Local",IF(AC13<AD13,"Visitante","Empate"))) -> Visitante | E13: =IF(D13="Pendiente","-",INDEX($BR$6:$BR$53,MATCH($AA13,$BD$6:$BD$53,0))) -> - | F13: =IF(D13="Pendiente","-",INDEX($BR$6:$BR$53,MATCH($AF13,$BD$6:$BD$53,0))) -> - | H13: =IF(D13="Pendiente","-",INDEX($BX$6:$BX$53,MATCH($AA13,$BD$6:$BD$53,0))) -> - | I13: =IF(D13="Pendiente","-",INDEX($BX$6:$BX$53,MATCH($AF13,$BD$6:$BD$53,0))) -> - | K13: =IF(D13="Pendiente","-",INDEX($CC$6:$CC$53,MATCH($AA13,$BD$6:$BD$53,0))) -> - | L13: =IF(D13="Pendiente","-",INDEX($CC$6:$CC$53,MATCH($AF13,$BD$6:$BD$53,0))) -> - | N13: =IF(D13="Pendiente","-",INDEX($CF$6:$CF$53,MATCH($AA13,$BD$6:$BD$53,0))) -> - | O13: =IF(D13="Pendiente","-",INDEX($CF$6:$CF$53,MATCH($AF13,$BD$6:$BD$53,0))) -> - | Q13: =IF(D13="Pendiente","-",INDEX($CL$6:$CL$53,MATCH($AA13,$BD$6:$BD$53,0))) -> - | R13: =IF(D13="Pendiente","-",INDEX($CL$6:$CL$53,MATCH($AF13,$BD$6:$BD$53,0))) -> - | T13: =IF(D13="Pendiente","-",INDEX($CQ$6:$CQ$53,MATCH($AA13,$BD$6:$BD$53,0))) -> - | U13: =IF(D13="Pendiente","-",INDEX($CQ$6:$CQ$53,MATCH($AF13,$BD$6:$BD$53,0))) -> - | X13: =Horarios!C13 -> 46186.875 | Y13: =Horarios!C13 -> 46186.875 | Z13: =$Z$4 -> J1 | AA13: =A15 -> Catar | AB13: =+INDEX(Equipos!$L$2:$L$49,MATCH(WORLDCUP!AA13,Equipos!$K$2:$K$49,0)) -> 🇶🇦 | AC13: 0 | AD13: 2 | AE13: =+INDEX(Equipos!$L$2:$L$49,MATCH(WORLDCUP!AF13,Equipos!$K$2:$K$49,0)) -> 🇨🇭 | AF13: =A16 -> Suiza | AG13: =IF(NOT(OR(ISBLANK(AC13),ISBLANK(AD13))),1,0) -> 1 | AH13: 8 | AJ13: =AJ5 -> Pos | AL13: =AL5 -> Selección | AM13: =AM5 -> Pts | AN13: =AN5 -> J | AO13: =AO5 -> G | AP13: =AP5 -> E | AQ13: =AQ5 -> P | AR13: =AR5 -> GF | AS13: =AS5 -> GC | AT13: =AT5 -> DG | AU13: =COUNTIF(AU14:AU17,">1") -> 0 | AY13: =AL13 -> Selección | AZ13: =+Idiomas!$D$67 -> Puntos penalizados | BC13: =+INDEX(T_Equipos[Grupo],MATCH(WORLDCUP!BD13,T_Equipos[NombreEquipo],0)) -> B | BD13: =+Equipos!B9 -> Suiza | BE13: =+BG13*3+BH13+IF($AZ$3="No",0,INDEX($AZ$6:$AZ$97,MATCH(BD13,$AY$6:$AY$97,0))) -> 9 | BF13: =+BG13+BH13+BI13 -> 3 | BG13: =+COUNTIFS(FGLocal,BD13,Ganador,"Local")+COUNTIFS(FGVisitante,BD13,Ganador,"Visitante") -> 3 | BH13: =+COUNTIFS(FGLocal,BD13,Ganador,"Empate")+COUNTIFS(FGVisitante,BD13,Ganador,"Empate") -> 0 | BI13: =+COUNTIFS(FGVisitante,BD13,Ganador,"Local")+COUNTIFS(FGLocal,BD13,Ganador,"Visitante") -> 0 | BJ13: =+SUMIFS(FG_GolesLocal,FGLocal,BD13,Ganador,"<>"&"Pendiente",FG_GolesLocal,"<>"&"",FG_GolesVisitante,"<>"&"")+SUMIFS(FG_GolesVisitante,FGVisitante,BD13,Ganador,"<>"&"Pendiente",FG_GolesLocal,"<>"&"",FG_GolesVisitante,"<>"&"") -> 4 | BK13: =+SUMIFS(FG_GolesLocal,FGVisitante,BD13,Ganador,"<>"&"Pendiente",FG_GolesLocal,"<>"&"",FG_GolesVisitante,"<>"&"")+SUMIFS(FG_GolesVisitante,FGLocal,BD13,Ganador,"<>"&"Pendiente",FG_GolesLocal,"<>"&"",FG_GolesVisitante,"<>"&"") -> 0 | BL13: =+BJ13-BK13 -> 4 | BM13: =DB13&BC13 -> 1B | BN13: =DF13&BC13 -> 1B | BP13: =+BE13 -> 9 | BQ13: =COUNTIFS($BE$6:$BE$53,">"&BE13,$BC$6:$BC$53,INDEX(T_Equipos[Grupo],MATCH(BD13,T_Equipos[NombreEquipo],0)))+1 -> 1 | BR13: =IF(COUNTIFS($BQ$6:$BQ$53,BQ13,$BC$6:$BC$53,INDEX(T_Equipos[Grupo],MATCH(BD13,T_Equipos[NombreEquipo],0)))=1,"-","P."&BQ13&" ("&COUNTIFS($BQ$6:$BQ$53,BQ13,$BC$6:$BC$53,INDEX(T_Equipos[Grupo],MATCH(BD13,T_Equipos[NombreEquipo],0)))&")") -> - | BS13: =IF($BR13="-","-",COUNTIFS(FGLocal,$BD13,Ganador,"Local",Part1Empate1V,$BR13)+COUNTIFS(FGVisitante,$BD13,Ganador,"Visitante",Part1Empate1L,$BR13)) -> - | BT13: =IF($BR13="-","-",COUNTIFS(FGLocal,$BD13,Ganador,"Empate",Part1Empate1V,$BR13)+COUNTIFS(FGVisitante,$BD13,Ganador,"Empate",Part1Empate1L,$BR13)) -> - | BU13: =IF($BR13="-","-",COUNTIFS(FGLocal,$BD13,Ganador,"Visitante",Part1Empate1V,$BR13)+COUNTIFS(FGVisitante,$BD13,Ganador,"Local",Part1Empate1L,$BR13)) -> - | BV13: =IF($BR13="-","-",BS13*3+BT13) -> - | BW13: =BQ13+COUNTIFS($BR$6:$BR$53,BR13,$BV$6:BV$53,">"&BV13,$BC$6:$BC$53,INDEX(T_Equipos[Grupo],MATCH(BD13,T_Equipos[NombreEquipo],0))) -> 1 | BX13: =IF(COUNTIFS($BW$6:$BW$53,BW13,$BC$6:$BC$53,INDEX(T_Equipos[Grupo],MATCH(BD13,T_Equipos[NombreEquipo],0)))=1,"-","P."&BW13&" ("&COUNTIFS($BW$6:$BW$53,BW13,$BC$6:$BC$53,INDEX(T_Equipos[Grupo],MATCH(BD13,T_Equipos[NombreEquipo],0)))&")") -> - | BY13: =IF($BX13="-","-",SUMIFS(FG_GolesLocal,FGLocal,$BD13,Part1Empate2V,$BX13)+SUMIFS(FG_GolesVisitante,FGVisitante,$BD13,Part1Empate2L,$BX13)) -> - | BZ13: =IF($BX13="-","-",SUMIFS(FG_GolesVisitante,FGLocal,$BD13,Part1Empate2V,$BX13)+SUMIFS(FG_GolesLocal,FGVisitante,$BD13,Part1Empate2L,$BX13)) -> - | CA13: =IF($BX13="-","-",BY13-BZ13) -> - | CB13: =BW13+COUNTIFS($BX$6:$BX$53,BX13,$CA$6:CA$53,">"&CA13,$BC$6:$BC$53,INDEX(T_Equipos[Grupo],MATCH(BD13,T_Equipos[NombreEquipo],0))) -> 1 | CC13: =IF(COUNTIFS($CB$6:$CB$53,CB13,$BC$6:$BC$53,INDEX(T_Equipos[Grupo],MATCH(BD13,T_Equipos[NombreEquipo],0)))=1,"-","P."&CB13&" ("&COUNTIFS($CB$6:$CB$53,CB13,$BC$6:$BC$53,INDEX(T_Equipos[Grupo],MATCH(BD13,T_Equipos[NombreEquipo],0)))&")") -> - | CD13: =IF($CC13="-","-",SUMIFS(FG_GolesLocal,FGLocal,$BD13,Part1Empate3V,$CC13)+SUMIFS(FG_GolesVisitante,FGVisitante,$BD13,Part1Empate3L,$CC13)) -> - | CE13: =CB13+COUNTIFS($CC$6:$CC$53,CC13,$CD$6:CD$53,">"&CD13,$BC$6:$BC$53,INDEX(T_Equipos[Grupo],MATCH(BD13,T_Equipos[NombreEquipo],0))) -> 1 | CF13: =IF(COUNTIFS($CE$6:$CE$53,CE13,$BC$6:$BC$53,INDEX(T_Equipos[Grupo],MATCH(BD13,T_Equipos[NombreEquipo],0)))=1,"-","P."&CE13&" ("&COUNTIFS($CE$6:$CE$53,CE13,$BC$6:$BC$53,INDEX(T_Equipos[Grupo],MATCH(BD13,T_Equipos[NombreEquipo],0)))&")") -> - | CG13: =IF($CF13="-","-",COUNTIFS(FGLocal,$BD13,Ganador,"Local",Part2Empate4V,$CF13)+COUNTIFS(FGVisitante,$BD13,Ganador,"Visitante",Part2Empate4L,$CF13)) -> - | CH13: =IF($CF13="-","-",COUNTIFS(FGLocal,$BD13,Ganador,"Empate",Part2Empate4V,$CF13)+COUNTIFS(FGVisitante,$BD13,Ganador,"Empate",Part2Empate4L,$CF13)) -> - | CI13: =IF($CF13="-","-",COUNTIFS(FGLocal,$BD13,Ganador,"Visitante",Part2Empate4V,$CF13)+COUNTIFS(FGVisitante,$BD13,Ganador,"Local",Part2Empate4L,$CF13)) -> - | CJ13: =IF($CF13="-","-",CG13*3+CH13) -> - | CK13: =CE13+COUNTIFS($CF$6:$CF$53,CF13,$CJ$6:CJ$53,">"&CJ13,$BC$6:$BC$53,INDEX(T_Equipos[Grupo],MATCH(BD13,T_Equipos[NombreEquipo],0))) -> 1 | CL13: =IF(COUNTIFS($CK$6:$CK$53,CK13,$BC$6:$BC$53,INDEX(T_Equipos[Grupo],MATCH(BD13,T_Equipos[NombreEquipo],0)))=1,"-","P."&CK13&" ("&COUNTIFS($CK$6:$CK$53,CK13,$BC$6:$BC$53,INDEX(T_Equipos[Grupo],MATCH(BD13,T_Equipos[NombreEquipo],0)))&")") -> - | CM13: =IF($CL13="-","-",SUMIFS(FG_GolesLocal,FGLocal,$BD13,Part2Empate5V,$CL13)+SUMIFS(FG_GolesVisitante,FGVisitante,$BD13,Part2Empate5L,$CL13)) -> - | CN13: =IF($CL13="-","-",SUMIFS(FG_GolesVisitante,FGLocal,$BD13,Part2Empate5V,$CL13)+SUMIFS(FG_GolesLocal,FGVisitante,$BD13,Part2Empate5L,$CL13)) -> - | CO13: =IF($CL13="-","-",CM13-CN13) -> - | CP13: =CK13+COUNTIFS($CL$6:$CL$53,CL13,$CO$6:CO$53,">"&CO13,$BC$6:$BC$53,INDEX(T_Equipos[Grupo],MATCH(BD13,T_Equipos[NombreEquipo],0))) -> 1 | CQ13: =IF(COUNTIFS($CP$6:$CP$53,CP13,$BC$6:$BC$53,INDEX(T_Equipos[Grupo],MATCH(BD13,T_Equipos[NombreEquipo],0)))=1,"-","P."&CP13&" ("&COUNTIFS($CP$6:$CP$53,CP13,$BC$6:$BC$53,INDEX(T_Equipos[Grupo],MATCH(BD13,T_Equipos[NombreEquipo],0)))&")") -> - | CR13: =IF($CQ13="-","-",SUMIFS(FG_GolesLocal,FGLocal,$BD13,Part2Empate6V,$CQ13)+SUMIFS(FG_GolesVisitante,FGVisitante,$BD13,Part2Empate6L,$CQ13)) -> - | CS13: =CP13+COUNTIFS($CQ$6:$CQ$53,CQ13,$CR$6:CR$53,">"&CR13,$BC$6:$BC$53,INDEX(T_Equipos[Grupo],MATCH(BD13,T_Equipos[NombreEquipo],0))) -> 1 | CT13: =IF(COUNTIFS($CS$6:$CS$53,CS13,$BC$6:$BC$53,INDEX(T_Equipos[Grupo],MATCH(BD13,T_Equipos[NombreEquipo],0)))=1,"-","P."&CS13&" ("&COUNTIFS($CS$6:$CS$53,CS13,$BC$6:$BC$53,INDEX(T_Equipos[Grupo],MATCH(BD13,T_Equipos[NombreEquipo],0)))&")") -> - | CU13: =IF(CT13="-","-",BL13) -> - | CV13: =CS13+COUNTIFS($CT$6:$CT$53,CT13,$CU$6:CU$53,">"&CU13,$BC$6:$BC$53,INDEX(T_Equipos[Grupo],MATCH(BD13,T_Equipos[NombreEquipo],0))) -> 1 | CW13: =IF(COUNTIFS($CV$6:$CV$53,CV13,$BC$6:$BC$53,INDEX(T_Equipos[Grupo],MATCH(BD13,T_Equipos[NombreEquipo],0)))=1,"-","P."&CV13&" ("&COUNTIFS($CV$6:$CV$53,CV13,$BC$6:$BC$53,INDEX(T_Equipos[Grupo],MATCH(BD13,T_Equipos[NombreEquipo],0)))&")") -> - | CX13: =IF(CW13="-","-",BJ13) -> - | CY13: =CV13+COUNTIFS($CW$6:$CW$53,CW13,$CX$6:CX$53,">"&CX13,$BC$6:$BC$53,INDEX(T_Equipos[Grupo],MATCH(BD13,T_Equipos[NombreEquipo],0))) -> 1 | CZ13: =IF(COUNTIFS($CY$6:$CY$53,CY13,$BC$6:$BC$53,INDEX(T_Equipos[Grupo],MATCH(BD13,T_Equipos[NombreEquipo],0)))=1,"-","P."&CY13&" ("&COUNTIFS($CY$6:$CY$53,CY13,$BC$6:$BC$53,INDEX(T_Equipos[Grupo],MATCH(BD13,T_Equipos[NombreEquipo],0)))&")") -> - | DA13: =IF(CZ13="-","-",COUNTIFS(T_Equipos[Rank],"<"&INDEX(T_Equipos[Rank],MATCH(BD13,T_Equipos[NombreEquipo],0)),$BC$6:$BC$53,INDEX(T_Equipos[Grupo],MATCH(BD13,T_Equipos[NombreEquipo],0)))+1) -> - | DB13: =CY13+COUNTIFS($CZ$6:$CZ$53,CZ13,$DA$6:DA$53,"<"&DA13,$BC$6:$BC$53,INDEX(T_Equipos[Grupo],MATCH(BD13,T_Equipos[NombreEquipo],0))) -> 1 | DD13: =IF(OR(INDEX($AW$6:$AW$97,MATCH($BD13,$AV$6:$AV$97,0))="",CZ13="-"),DB13,INDEX($AW$6:$AW$97,MATCH($BD13,$AV$6:$AV$97,0))+DB13/1000) -> 1 | DE13: =IF(CZ13="-","-",COUNTIFS(DD$6:DD$53,"<"&DD13,$BC$6:$BC$53,INDEX(T_Equipos[Grupo],MATCH(BD13,T_Equipos[NombreEquipo],0)))) -> - | DF13: =CY13+COUNTIFS(CZ$6:CZ$53,CZ13,DE$6:DE$53,"<"&DE13,$BC$6:$BC$53,INDEX(T_Equipos[Grupo],MATCH(BD13,T_Equipos[NombreEquipo],0))) -> 1 | DH13: =INDEX($CY$6:$CY$53,MATCH($DO13,$BD$6:$BD$53,0)) -> 4 | DI13: =+SUMIF($BC$6:$BC$53,BC13,$BF$6:$BF$53) -> 12 | DJ13: =IF(OR(DI13=12,$AJ$99=144),COUNTIFS($DH$6:$DH$53,DH13,$BC$6:$BC$53,BC13),1) -> 1 | DK13: =DH13&"."&DJ13 -> 4.1 | DL13: {=OFFSET(Horarios!$P$3,DH13-1,0,DJ13,1)} -> 4 | DN13: 4B | DO13: =INDEX($BD$6:$BD$53,MATCH(DN13,$BM$6:$BM$53,0)) -> PO A: ITA/NIR/WAL/BIH
A14: =+Equipos!B7 -> PO A: ITA/NIR/WAL/BIH | D14: =IF(OR(AC14="",AD14=""),"Pendiente",IF(AC14>AD14,"Local",IF(AC14<AD14,"Visitante","Empate"))) -> Local | E14: =IF(D14="Pendiente","-",INDEX($BR$6:$BR$53,MATCH($AA14,$BD$6:$BD$53,0))) -> - | F14: =IF(D14="Pendiente","-",INDEX($BR$6:$BR$53,MATCH($AF14,$BD$6:$BD$53,0))) -> - | H14: =IF(D14="Pendiente","-",INDEX($BX$6:$BX$53,MATCH($AA14,$BD$6:$BD$53,0))) -> - | I14: =IF(D14="Pendiente","-",INDEX($BX$6:$BX$53,MATCH($AF14,$BD$6:$BD$53,0))) -> - | K14: =IF(D14="Pendiente","-",INDEX($CC$6:$CC$53,MATCH($AA14,$BD$6:$BD$53,0))) -> - | L14: =IF(D14="Pendiente","-",INDEX($CC$6:$CC$53,MATCH($AF14,$BD$6:$BD$53,0))) -> - | N14: =IF(D14="Pendiente","-",INDEX($CF$6:$CF$53,MATCH($AA14,$BD$6:$BD$53,0))) -> - | O14: =IF(D14="Pendiente","-",INDEX($CF$6:$CF$53,MATCH($AF14,$BD$6:$BD$53,0))) -> - | Q14: =IF(D14="Pendiente","-",INDEX($CL$6:$CL$53,MATCH($AA14,$BD$6:$BD$53,0))) -> - | R14: =IF(D14="Pendiente","-",INDEX($CL$6:$CL$53,MATCH($AF14,$BD$6:$BD$53,0))) -> - | T14: =IF(D14="Pendiente","-",INDEX($CQ$6:$CQ$53,MATCH($AA14,$BD$6:$BD$53,0))) -> - | U14: =IF(D14="Pendiente","-",INDEX($CQ$6:$CQ$53,MATCH($AF14,$BD$6:$BD$53,0))) -> - | X14: =Horarios!C14 -> 46191.875 | Y14: =Horarios!C14 -> 46191.875 | Z14: =$Z$6 -> J2 | AA14: =A16 -> Suiza | AB14: =+INDEX(Equipos!$L$2:$L$49,MATCH(WORLDCUP!AA14,Equipos!$K$2:$K$49,0)) -> 🇨🇭 | AC14: 1 | AD14: 0 | AE14: =+INDEX(Equipos!$L$2:$L$49,MATCH(WORLDCUP!AF14,Equipos!$K$2:$K$49,0)) | AF14: =A14 -> PO A: ITA/NIR/WAL/BIH | AG14: =IF(NOT(OR(ISBLANK(AC14),ISBLANK(AD14))),1,0) -> 1 | AH14: 26 | AI14: =AJ14&$B$12 -> 1B | AJ14: 1 | AK14: =+INDEX(Equipos!$L$2:$L$49,MATCH(WORLDCUP!AL14,Equipos!$K$2:$K$49,0)) -> 🇨🇭 | AL14: =IFERROR(INDEX($BD$6:$BD$53,MATCH(AI14,$BN$6:$BN$53,0)),"") -> Suiza | AM14: =INDEX($BE$6:$BN$53,MATCH($AL14,$BD$6:$BD$53,0),MATCH(AM$5,$BE$5:$BN$5,0)) -> 9 | AN14: =INDEX($BE$6:$BN$53,MATCH($AL14,$BD$6:$BD$53,0),MATCH(AN$5,$BE$5:$BN$5,0)) -> 3 | AO14: =INDEX($BE$6:$BN$53,MATCH($AL14,$BD$6:$BD$53,0),MATCH(AO$5,$BE$5:$BN$5,0)) -> 3 | AP14: =INDEX($BE$6:$BN$53,MATCH($AL14,$BD$6:$BD$53,0),MATCH(AP$5,$BE$5:$BN$5,0)) -> 0 | AQ14: =INDEX($BE$6:$BN$53,MATCH($AL14,$BD$6:$BD$53,0),MATCH(AQ$5,$BE$5:$BN$5,0)) -> 0 | AR14: =INDEX($BE$6:$BN$53,MATCH($AL14,$BD$6:$BD$53,0),MATCH(AR$5,$BE$5:$BN$5,0)) -> 4 | AS14: =INDEX($BE$6:$BN$53,MATCH($AL14,$BD$6:$BD$53,0),MATCH(AS$5,$BE$5:$BN$5,0)) -> 0 | AT14: =INDEX($BE$6:$BN$53,MATCH($AL14,$BD$6:$BD$53,0),MATCH(AT$5,$BE$5:$BN$5,0)) -> 4 | AU14: =INDEX($DJ$6:$DJ$53,MATCH(AI14,$DN$6:$DN$53,0)) -> 1 | AV14: =INDEX($BD$6:$BD$53,MATCH(AI14,$BM$6:$BM$53,0)) -> Suiza | AY14: =+A13 -> Canadá | BC14: =+INDEX(T_Equipos[Grupo],MATCH(WORLDCUP!BD14,T_Equipos[NombreEquipo],0)) -> C | BD14: =+Equipos!B10 -> Brasil | BE14: =+BG14*3+BH14+IF($AZ$3="No",0,INDEX($AZ$6:$AZ$97,MATCH(BD14,$AY$6:$AY$97,0))) -> 9 | BF14: =+BG14+BH14+BI14 -> 3 | BG14: =+COUNTIFS(FGLocal,BD14,Ganador,"Local")+COUNTIFS(FGVisitante,BD14,Ganador,"Visitante") -> 3 | BH14: =+COUNTIFS(FGLocal,BD14,Ganador,"Empate")+COUNTIFS(FGVisitante,BD14,Ganador,"Empate") -> 0 | BI14: =+COUNTIFS(FGVisitante,BD14,Ganador,"Local")+COUNTIFS(FGLocal,BD14,Ganador,"Visitante") -> 0 | BJ14: =+SUMIFS(FG_GolesLocal,FGLocal,BD14,Ganador,"<>"&"Pendiente",FG_GolesLocal,"<>"&"",FG_GolesVisitante,"<>"&"")+SUMIFS(FG_GolesVisitante,FGVisitante,BD14,Ganador,"<>"&"Pendiente",FG_GolesLocal,"<>"&"",FG_GolesVisitante,"<>"&"") -> 6 | BK14: =+SUMIFS(FG_GolesLocal,FGVisitante,BD14,Ganador,"<>"&"Pendiente",FG_GolesLocal,"<>"&"",FG_GolesVisitante,"<>"&"")+SUMIFS(FG_GolesVisitante,FGLocal,BD14,Ganador,"<>"&"Pendiente",FG_GolesLocal,"<>"&"",FG_GolesVisitante,"<>"&"") -> 2 | BL14: =+BJ14-BK14 -> 4 | BM14: =DB14&BC14 -> 1C | BN14: =DF14&BC14 -> 1C | BP14: =+BE14 -> 9 | BQ14: =COUNTIFS($BE$6:$BE$53,">"&BE14,$BC$6:$BC$53,INDEX(T_Equipos[Grupo],MATCH(BD14,T_Equipos[NombreEquipo],0)))+1 -> 1 | BR14: =IF(COUNTIFS($BQ$6:$BQ$53,BQ14,$BC$6:$BC$53,INDEX(T_Equipos[Grupo],MATCH(BD14,T_Equipos[NombreEquipo],0)))=1,"-","P."&BQ14&" ("&COUNTIFS($BQ$6:$BQ$53,BQ14,$BC$6:$BC$53,INDEX(T_Equipos[Grupo],MATCH(BD14,T_Equipos[NombreEquipo],0)))&")") -> - | BS14: =IF($BR14="-","-",COUNTIFS(FGLocal,$BD14,Ganador,"Local",Part1Empate1V,$BR14)+COUNTIFS(FGVisitante,$BD14,Ganador,"Visitante",Part1Empate1L,$BR14)) -> - | BT14: =IF($BR14="-","-",COUNTIFS(FGLocal,$BD14,Ganador,"Empate",Part1Empate1V,$BR14)+COUNTIFS(FGVisitante,$BD14,Ganador,"Empate",Part1Empate1L,$BR14)) -> - | BU14: =IF($BR14="-","-",COUNTIFS(FGLocal,$BD14,Ganador,"Visitante",Part1Empate1V,$BR14)+COUNTIFS(FGVisitante,$BD14,Ganador,"Local",Part1Empate1L,$BR14)) -> - | BV14: =IF($BR14="-","-",BS14*3+BT14) -> - | BW14: =BQ14+COUNTIFS($BR$6:$BR$53,BR14,$BV$6:BV$53,">"&BV14,$BC$6:$BC$53,INDEX(T_Equipos[Grupo],MATCH(BD14,T_Equipos[NombreEquipo],0))) -> 1 | BX14: =IF(COUNTIFS($BW$6:$BW$53,BW14,$BC$6:$BC$53,INDEX(T_Equipos[Grupo],MATCH(BD14,T_Equipos[NombreEquipo],0)))=1,"-","P."&BW14&" ("&COUNTIFS($BW$6:$BW$53,BW14,$BC$6:$BC$53,INDEX(T_Equipos[Grupo],MATCH(BD14,T_Equipos[NombreEquipo],0)))&")") -> - | BY14: =IF($BX14="-","-",SUMIFS(FG_GolesLocal,FGLocal,$BD14,Part1Empate2V,$BX14)+SUMIFS(FG_GolesVisitante,FGVisitante,$BD14,Part1Empate2L,$BX14)) -> - | BZ14: =IF($BX14="-","-",SUMIFS(FG_GolesVisitante,FGLocal,$BD14,Part1Empate2V,$BX14)+SUMIFS(FG_GolesLocal,FGVisitante,$BD14,Part1Empate2L,$BX14)) -> - | CA14: =IF($BX14="-","-",BY14-BZ14) -> - | CB14: =BW14+COUNTIFS($BX$6:$BX$53,BX14,$CA$6:CA$53,">"&CA14,$BC$6:$BC$53,INDEX(T_Equipos[Grupo],MATCH(BD14,T_Equipos[NombreEquipo],0))) -> 1 | CC14: =IF(COUNTIFS($CB$6:$CB$53,CB14,$BC$6:$BC$53,INDEX(T_Equipos[Grupo],MATCH(BD14,T_Equipos[NombreEquipo],0)))=1,"-","P."&CB14&" ("&COUNTIFS($CB$6:$CB$53,CB14,$BC$6:$BC$53,INDEX(T_Equipos[Grupo],MATCH(BD14,T_Equipos[NombreEquipo],0)))&")") -> - | CD14: =IF($CC14="-","-",SUMIFS(FG_GolesLocal,FGLocal,$BD14,Part1Empate3V,$CC14)+SUMIFS(FG_GolesVisitante,FGVisitante,$BD14,Part1Empate3L,$CC14)) -> - | CE14: =CB14+COUNTIFS($CC$6:$CC$53,CC14,$CD$6:CD$53,">"&CD14,$BC$6:$BC$53,INDEX(T_Equipos[Grupo],MATCH(BD14,T_Equipos[NombreEquipo],0))) -> 1 | CF14: =IF(COUNTIFS($CE$6:$CE$53,CE14,$BC$6:$BC$53,INDEX(T_Equipos[Grupo],MATCH(BD14,T_Equipos[NombreEquipo],0)))=1,"-","P."&CE14&" ("&COUNTIFS($CE$6:$CE$53,CE14,$BC$6:$BC$53,INDEX(T_Equipos[Grupo],MATCH(BD14,T_Equipos[NombreEquipo],0)))&")") -> - | CG14: =IF($CF14="-","-",COUNTIFS(FGLocal,$BD14,Ganador,"Local",Part2Empate4V,$CF14)+COUNTIFS(FGVisitante,$BD14,Ganador,"Visitante",Part2Empate4L,$CF14)) -> - | CH14: =IF($CF14="-","-",COUNTIFS(FGLocal,$BD14,Ganador,"Empate",Part2Empate4V,$CF14)+COUNTIFS(FGVisitante,$BD14,Ganador,"Empate",Part2Empate4L,$CF14)) -> - | CI14: =IF($CF14="-","-",COUNTIFS(FGLocal,$BD14,Ganador,"Visitante",Part2Empate4V,$CF14)+COUNTIFS(FGVisitante,$BD14,Ganador,"Local",Part2Empate4L,$CF14)) -> - | CJ14: =IF($CF14="-","-",CG14*3+CH14) -> - | CK14: =CE14+COUNTIFS($CF$6:$CF$53,CF14,$CJ$6:CJ$53,">"&CJ14,$BC$6:$BC$53,INDEX(T_Equipos[Grupo],MATCH(BD14,T_Equipos[NombreEquipo],0))) -> 1 | CL14: =IF(COUNTIFS($CK$6:$CK$53,CK14,$BC$6:$BC$53,INDEX(T_Equipos[Grupo],MATCH(BD14,T_Equipos[NombreEquipo],0)))=1,"-","P."&CK14&" ("&COUNTIFS($CK$6:$CK$53,CK14,$BC$6:$BC$53,INDEX(T_Equipos[Grupo],MATCH(BD14,T_Equipos[NombreEquipo],0)))&")") -> - | CM14: =IF($CL14="-","-",SUMIFS(FG_GolesLocal,FGLocal,$BD14,Part2Empate5V,$CL14)+SUMIFS(FG_GolesVisitante,FGVisitante,$BD14,Part2Empate5L,$CL14)) -> - | CN14: =IF($CL14="-","-",SUMIFS(FG_GolesVisitante,FGLocal,$BD14,Part2Empate5V,$CL14)+SUMIFS(FG_GolesLocal,FGVisitante,$BD14,Part2Empate5L,$CL14)) -> - | CO14: =IF($CL14="-","-",CM14-CN14) -> - | CP14: =CK14+COUNTIFS($CL$6:$CL$53,CL14,$CO$6:CO$53,">"&CO14,$BC$6:$BC$53,INDEX(T_Equipos[Grupo],MATCH(BD14,T_Equipos[NombreEquipo],0))) -> 1 | CQ14: =IF(COUNTIFS($CP$6:$CP$53,CP14,$BC$6:$BC$53,INDEX(T_Equipos[Grupo],MATCH(BD14,T_Equipos[NombreEquipo],0)))=1,"-","P."&CP14&" ("&COUNTIFS($CP$6:$CP$53,CP14,$BC$6:$BC$53,INDEX(T_Equipos[Grupo],MATCH(BD14,T_Equipos[NombreEquipo],0)))&")") -> - | CR14: =IF($CQ14="-","-",SUMIFS(FG_GolesLocal,FGLocal,$BD14,Part2Empate6V,$CQ14)+SUMIFS(FG_GolesVisitante,FGVisitante,$BD14,Part2Empate6L,$CQ14)) -> - | CS14: =CP14+COUNTIFS($CQ$6:$CQ$53,CQ14,$CR$6:CR$53,">"&CR14,$BC$6:$BC$53,INDEX(T_Equipos[Grupo],MATCH(BD14,T_Equipos[NombreEquipo],0))) -> 1 | CT14: =IF(COUNTIFS($CS$6:$CS$53,CS14,$BC$6:$BC$53,INDEX(T_Equipos[Grupo],MATCH(BD14,T_Equipos[NombreEquipo],0)))=1,"-","P."&CS14&" ("&COUNTIFS($CS$6:$CS$53,CS14,$BC$6:$BC$53,INDEX(T_Equipos[Grupo],MATCH(BD14,T_Equipos[NombreEquipo],0)))&")") -> - | CU14: =IF(CT14="-","-",BL14) -> - | CV14: =CS14+COUNTIFS($CT$6:$CT$53,CT14,$CU$6:CU$53,">"&CU14,$BC$6:$BC$53,INDEX(T_Equipos[Grupo],MATCH(BD14,T_Equipos[NombreEquipo],0))) -> 1 | CW14: =IF(COUNTIFS($CV$6:$CV$53,CV14,$BC$6:$BC$53,INDEX(T_Equipos[Grupo],MATCH(BD14,T_Equipos[NombreEquipo],0)))=1,"-","P."&CV14&" ("&COUNTIFS($CV$6:$CV$53,CV14,$BC$6:$BC$53,INDEX(T_Equipos[Grupo],MATCH(BD14,T_Equipos[NombreEquipo],0)))&")") -> - | CX14: =IF(CW14="-","-",BJ14) -> - | CY14: =CV14+COUNTIFS($CW$6:$CW$53,CW14,$CX$6:CX$53,">"&CX14,$BC$6:$BC$53,INDEX(T_Equipos[Grupo],MATCH(BD14,T_Equipos[NombreEquipo],0))) -> 1 | CZ14: =IF(COUNTIFS($CY$6:$CY$53,CY14,$BC$6:$BC$53,INDEX(T_Equipos[Grupo],MATCH(BD14,T_Equipos[NombreEquipo],0)))=1,"-","P."&CY14&" ("&COUNTIFS($CY$6:$CY$53,CY14,$BC$6:$BC$53,INDEX(T_Equipos[Grupo],MATCH(BD14,T_Equipos[NombreEquipo],0)))&")") -> - | DA14: =IF(CZ14="-","-",COUNTIFS(T_Equipos[Rank],"<"&INDEX(T_Equipos[Rank],MATCH(BD14,T_Equipos[NombreEquipo],0)),$BC$6:$BC$53,INDEX(T_Equipos[Grupo],MATCH(BD14,T_Equipos[NombreEquipo],0)))+1) -> - | DB14: =CY14+COUNTIFS($CZ$6:$CZ$53,CZ14,$DA$6:DA$53,"<"&DA14,$BC$6:$BC$53,INDEX(T_Equipos[Grupo],MATCH(BD14,T_Equipos[NombreEquipo],0))) -> 1 | DD14: =IF(OR(INDEX($AW$6:$AW$97,MATCH($BD14,$AV$6:$AV$97,0))="",CZ14="-"),DB14,INDEX($AW$6:$AW$97,MATCH($BD14,$AV$6:$AV$97,0))+DB14/1000) -> 1 | DE14: =IF(CZ14="-","-",COUNTIFS(DD$6:DD$53,"<"&DD14,$BC$6:$BC$53,INDEX(T_Equipos[Grupo],MATCH(BD14,T_Equipos[NombreEquipo],0)))) -> - | DF14: =CY14+COUNTIFS(CZ$6:CZ$53,CZ14,DE$6:DE$53,"<"&DE14,$BC$6:$BC$53,INDEX(T_Equipos[Grupo],MATCH(BD14,T_Equipos[NombreEquipo],0))) -> 1 | DH14: =INDEX($CY$6:$CY$53,MATCH($DO14,$BD$6:$BD$53,0)) -> 1 | DI14: =+SUMIF($BC$6:$BC$53,BC14,$BF$6:$BF$53) -> 12 | DJ14: =IF(OR(DI14=12,$AJ$99=144),COUNTIFS($DH$6:$DH$53,DH14,$BC$6:$BC$53,BC14),1) -> 1 | DK14: =DH14&"."&DJ14 -> 1.1 | DL14: {=OFFSET(Horarios!$P$3,DH14-1,0,DJ14,1)} -> 1 | DN14: 1C | DO14: =INDEX($BD$6:$BD$53,MATCH(DN14,$BM$6:$BM$53,0)) -> Brasil | HGV14: matejero
A15: =+Equipos!B8 -> Catar | D15: =IF(OR(AC15="",AD15=""),"Pendiente",IF(AC15>AD15,"Local",IF(AC15<AD15,"Visitante","Empate"))) -> Local | E15: =IF(D15="Pendiente","-",INDEX($BR$6:$BR$53,MATCH($AA15,$BD$6:$BD$53,0))) -> - | F15: =IF(D15="Pendiente","-",INDEX($BR$6:$BR$53,MATCH($AF15,$BD$6:$BD$53,0))) -> - | H15: =IF(D15="Pendiente","-",INDEX($BX$6:$BX$53,MATCH($AA15,$BD$6:$BD$53,0))) -> - | I15: =IF(D15="Pendiente","-",INDEX($BX$6:$BX$53,MATCH($AF15,$BD$6:$BD$53,0))) -> - | K15: =IF(D15="Pendiente","-",INDEX($CC$6:$CC$53,MATCH($AA15,$BD$6:$BD$53,0))) -> - | L15: =IF(D15="Pendiente","-",INDEX($CC$6:$CC$53,MATCH($AF15,$BD$6:$BD$53,0))) -> - | N15: =IF(D15="Pendiente","-",INDEX($CF$6:$CF$53,MATCH($AA15,$BD$6:$BD$53,0))) -> - | O15: =IF(D15="Pendiente","-",INDEX($CF$6:$CF$53,MATCH($AF15,$BD$6:$BD$53,0))) -> - | Q15: =IF(D15="Pendiente","-",INDEX($CL$6:$CL$53,MATCH($AA15,$BD$6:$BD$53,0))) -> - | R15: =IF(D15="Pendiente","-",INDEX($CL$6:$CL$53,MATCH($AF15,$BD$6:$BD$53,0))) -> - | T15: =IF(D15="Pendiente","-",INDEX($CQ$6:$CQ$53,MATCH($AA15,$BD$6:$BD$53,0))) -> - | U15: =IF(D15="Pendiente","-",INDEX($CQ$6:$CQ$53,MATCH($AF15,$BD$6:$BD$53,0))) -> - | X15: =Horarios!C15 -> 46192 | Y15: =Horarios!C15 -> 46192 | Z15: =$Z$6 -> J2 | AA15: =A13 -> Canadá | AB15: =+INDEX(Equipos!$L$2:$L$49,MATCH(WORLDCUP!AA15,Equipos!$K$2:$K$49,0)) -> 🇨🇦 | AC15: 1 | AD15: 0 | AE15: =+INDEX(Equipos!$L$2:$L$49,MATCH(WORLDCUP!AF15,Equipos!$K$2:$K$49,0)) -> 🇶🇦 | AF15: =A15 -> Catar | AG15: =IF(NOT(OR(ISBLANK(AC15),ISBLANK(AD15))),1,0) -> 1 | AH15: 27 | AI15: =AJ15&$B$12 -> 2B | AJ15: 2 | AK15: =+INDEX(Equipos!$L$2:$L$49,MATCH(WORLDCUP!AL15,Equipos!$K$2:$K$49,0)) -> 🇨🇦 | AL15: =IFERROR(INDEX($BD$6:$BD$53,MATCH(AI15,$BN$6:$BN$53,0)),"") -> Canadá | AM15: =INDEX($BE$6:$BN$53,MATCH($AL15,$BD$6:$BD$53,0),MATCH(AM$5,$BE$5:$BN$5,0)) -> 4 | AN15: =INDEX($BE$6:$BN$53,MATCH($AL15,$BD$6:$BD$53,0),MATCH(AN$5,$BE$5:$BN$5,0)) -> 3 | AO15: =INDEX($BE$6:$BN$53,MATCH($AL15,$BD$6:$BD$53,0),MATCH(AO$5,$BE$5:$BN$5,0)) -> 1 | AP15: =INDEX($BE$6:$BN$53,MATCH($AL15,$BD$6:$BD$53,0),MATCH(AP$5,$BE$5:$BN$5,0)) -> 1 | AQ15: =INDEX($BE$6:$BN$53,MATCH($AL15,$BD$6:$BD$53,0),MATCH(AQ$5,$BE$5:$BN$5,0)) -> 1 | AR15: =INDEX($BE$6:$BN$53,MATCH($AL15,$BD$6:$BD$53,0),MATCH(AR$5,$BE$5:$BN$5,0)) -> 2 | AS15: =INDEX($BE$6:$BN$53,MATCH($AL15,$BD$6:$BD$53,0),MATCH(AS$5,$BE$5:$BN$5,0)) -> 2 | AT15: =INDEX($BE$6:$BN$53,MATCH($AL15,$BD$6:$BD$53,0),MATCH(AT$5,$BE$5:$BN$5,0)) -> 0 | AU15: =INDEX($DJ$6:$DJ$53,MATCH(AI15,$DN$6:$DN$53,0)) -> 1 | AV15: =INDEX($BD$6:$BD$53,MATCH(AI15,$BM$6:$BM$53,0)) -> Canadá | AY15: =+A14 -> PO A: ITA/NIR/WAL/BIH | BC15: =+INDEX(T_Equipos[Grupo],MATCH(WORLDCUP!BD15,T_Equipos[NombreEquipo],0)) -> C | BD15: =+Equipos!B11 -> Marruecos | BE15: =+BG15*3+BH15+IF($AZ$3="No",0,INDEX($AZ$6:$AZ$97,MATCH(BD15,$AY$6:$AY$97,0))) -> 6 | BF15: =+BG15+BH15+BI15 -> 3 | BG15: =+COUNTIFS(FGLocal,BD15,Ganador,"Local")+COUNTIFS(FGVisitante,BD15,Ganador,"Visitante") -> 2 | BH15: =+COUNTIFS(FGLocal,BD15,Ganador,"Empate")+COUNTIFS(FGVisitante,BD15,Ganador,"Empate") -> 0 | BI15: =+COUNTIFS(FGVisitante,BD15,Ganador,"Local")+COUNTIFS(FGLocal,BD15,Ganador,"Visitante") -> 1 | BJ15: =+SUMIFS(FG_GolesLocal,FGLocal,BD15,Ganador,"<>"&"Pendiente",FG_GolesLocal,"<>"&"",FG_GolesVisitante,"<>"&"")+SUMIFS(FG_GolesVisitante,FGVisitante,BD15,Ganador,"<>"&"Pendiente",FG_GolesLocal,"<>"&"",FG_GolesVisitante,"<>"&"") -> 3 | BK15: =+SUMIFS(FG_GolesLocal,FGVisitante,BD15,Ganador,"<>"&"Pendiente",FG_GolesLocal,"<>"&"",FG_GolesVisitante,"<>"&"")+SUMIFS(FG_GolesVisitante,FGLocal,BD15,Ganador,"<>"&"Pendiente",FG_GolesLocal,"<>"&"",FG_GolesVisitante,"<>"&"") -> 2 | BL15: =+BJ15-BK15 -> 1 | BM15: =DB15&BC15 -> 2C | BN15: =DF15&BC15 -> 2C | BP15: =+BE15 -> 6 | BQ15: =COUNTIFS($BE$6:$BE$53,">"&BE15,$BC$6:$BC$53,INDEX(T_Equipos[Grupo],MATCH(BD15,T_Equipos[NombreEquipo],0)))+1 -> 2 | BR15: =IF(COUNTIFS($BQ$6:$BQ$53,BQ15,$BC$6:$BC$53,INDEX(T_Equipos[Grupo],MATCH(BD15,T_Equipos[NombreEquipo],0)))=1,"-","P."&BQ15&" ("&COUNTIFS($BQ$6:$BQ$53,BQ15,$BC$6:$BC$53,INDEX(T_Equipos[Grupo],MATCH(BD15,T_Equipos[NombreEquipo],0)))&")") -> - | BS15: =IF($BR15="-","-",COUNTIFS(FGLocal,$BD15,Ganador,"Local",Part1Empate1V,$BR15)+COUNTIFS(FGVisitante,$BD15,Ganador,"Visitante",Part1Empate1L,$BR15)) -> - | BT15: =IF($BR15="-","-",COUNTIFS(FGLocal,$BD15,Ganador,"Empate",Part1Empate1V,$BR15)+COUNTIFS(FGVisitante,$BD15,Ganador,"Empate",Part1Empate1L,$BR15)) -> - | BU15: =IF($BR15="-","-",COUNTIFS(FGLocal,$BD15,Ganador,"Visitante",Part1Empate1V,$BR15)+COUNTIFS(FGVisitante,$BD15,Ganador,"Local",Part1Empate1L,$BR15)) -> - | BV15: =IF($BR15="-","-",BS15*3+BT15) -> - | BW15: =BQ15+COUNTIFS($BR$6:$BR$53,BR15,$BV$6:BV$53,">"&BV15,$BC$6:$BC$53,INDEX(T_Equipos[Grupo],MATCH(BD15,T_Equipos[NombreEquipo],0))) -> 2 | BX15: =IF(COUNTIFS($BW$6:$BW$53,BW15,$BC$6:$BC$53,INDEX(T_Equipos[Grupo],MATCH(BD15,T_Equipos[NombreEquipo],0)))=1,"-","P."&BW15&" ("&COUNTIFS($BW$6:$BW$53,BW15,$BC$6:$BC$53,INDEX(T_Equipos[Grupo],MATCH(BD15,T_Equipos[NombreEquipo],0)))&")") -> - | BY15: =IF($BX15="-","-",SUMIFS(FG_GolesLocal,FGLocal,$BD15,Part1Empate2V,$BX15)+SUMIFS(FG_GolesVisitante,FGVisitante,$BD15,Part1Empate2L,$BX15)) -> - | BZ15: =IF($BX15="-","-",SUMIFS(FG_GolesVisitante,FGLocal,$BD15,Part1Empate2V,$BX15)+SUMIFS(FG_GolesLocal,FGVisitante,$BD15,Part1Empate2L,$BX15)) -> - | CA15: =IF($BX15="-","-",BY15-BZ15) -> - | CB15: =BW15+COUNTIFS($BX$6:$BX$53,BX15,$CA$6:CA$53,">"&CA15,$BC$6:$BC$53,INDEX(T_Equipos[Grupo],MATCH(BD15,T_Equipos[NombreEquipo],0))) -> 2 | CC15: =IF(COUNTIFS($CB$6:$CB$53,CB15,$BC$6:$BC$53,INDEX(T_Equipos[Grupo],MATCH(BD15,T_Equipos[NombreEquipo],0)))=1,"-","P."&CB15&" ("&COUNTIFS($CB$6:$CB$53,CB15,$BC$6:$BC$53,INDEX(T_Equipos[Grupo],MATCH(BD15,T_Equipos[NombreEquipo],0)))&")") -> - | CD15: =IF($CC15="-","-",SUMIFS(FG_GolesLocal,FGLocal,$BD15,Part1Empate3V,$CC15)+SUMIFS(FG_GolesVisitante,FGVisitante,$BD15,Part1Empate3L,$CC15)) -> - | CE15: =CB15+COUNTIFS($CC$6:$CC$53,CC15,$CD$6:CD$53,">"&CD15,$BC$6:$BC$53,INDEX(T_Equipos[Grupo],MATCH(BD15,T_Equipos[NombreEquipo],0))) -> 2 | CF15: =IF(COUNTIFS($CE$6:$CE$53,CE15,$BC$6:$BC$53,INDEX(T_Equipos[Grupo],MATCH(BD15,T_Equipos[NombreEquipo],0)))=1,"-","P."&CE15&" ("&COUNTIFS($CE$6:$CE$53,CE15,$BC$6:$BC$53,INDEX(T_Equipos[Grupo],MATCH(BD15,T_Equipos[NombreEquipo],0)))&")") -> - | CG15: =IF($CF15="-","-",COUNTIFS(FGLocal,$BD15,Ganador,"Local",Part2Empate4V,$CF15)+COUNTIFS(FGVisitante,$BD15,Ganador,"Visitante",Part2Empate4L,$CF15)) -> - | CH15: =IF($CF15="-","-",COUNTIFS(FGLocal,$BD15,Ganador,"Empate",Part2Empate4V,$CF15)+COUNTIFS(FGVisitante,$BD15,Ganador,"Empate",Part2Empate4L,$CF15)) -> - | CI15: =IF($CF15="-","-",COUNTIFS(FGLocal,$BD15,Ganador,"Visitante",Part2Empate4V,$CF15)+COUNTIFS(FGVisitante,$BD15,Ganador,"Local",Part2Empate4L,$CF15)) -> - | CJ15: =IF($CF15="-","-",CG15*3+CH15) -> - | CK15: =CE15+COUNTIFS($CF$6:$CF$53,CF15,$CJ$6:CJ$53,">"&CJ15,$BC$6:$BC$53,INDEX(T_Equipos[Grupo],MATCH(BD15,T_Equipos[NombreEquipo],0))) -> 2 | CL15: =IF(COUNTIFS($CK$6:$CK$53,CK15,$BC$6:$BC$53,INDEX(T_Equipos[Grupo],MATCH(BD15,T_Equipos[NombreEquipo],0)))=1,"-","P."&CK15&" ("&COUNTIFS($CK$6:$CK$53,CK15,$BC$6:$BC$53,INDEX(T_Equipos[Grupo],MATCH(BD15,T_Equipos[NombreEquipo],0)))&")") -> - | CM15: =IF($CL15="-","-",SUMIFS(FG_GolesLocal,FGLocal,$BD15,Part2Empate5V,$CL15)+SUMIFS(FG_GolesVisitante,FGVisitante,$BD15,Part2Empate5L,$CL15)) -> - | CN15: =IF($CL15="-","-",SUMIFS(FG_GolesVisitante,FGLocal,$BD15,Part2Empate5V,$CL15)+SUMIFS(FG_GolesLocal,FGVisitante,$BD15,Part2Empate5L,$CL15)) -> - | CO15: =IF($CL15="-","-",CM15-CN15) -> - | CP15: =CK15+COUNTIFS($CL$6:$CL$53,CL15,$CO$6:CO$53,">"&CO15,$BC$6:$BC$53,INDEX(T_Equipos[Grupo],MATCH(BD15,T_Equipos[NombreEquipo],0))) -> 2 | CQ15: =IF(COUNTIFS($CP$6:$CP$53,CP15,$BC$6:$BC$53,INDEX(T_Equipos[Grupo],MATCH(BD15,T_Equipos[NombreEquipo],0)))=1,"-","P."&CP15&" ("&COUNTIFS($CP$6:$CP$53,CP15,$BC$6:$BC$53,INDEX(T_Equipos[Grupo],MATCH(BD15,T_Equipos[NombreEquipo],0)))&")") -> - | CR15: =IF($CQ15="-","-",SUMIFS(FG_GolesLocal,FGLocal,$BD15,Part2Empate6V,$CQ15)+SUMIFS(FG_GolesVisitante,FGVisitante,$BD15,Part2Empate6L,$CQ15)) -> - | CS15: =CP15+COUNTIFS($CQ$6:$CQ$53,CQ15,$CR$6:CR$53,">"&CR15,$BC$6:$BC$53,INDEX(T_Equipos[Grupo],MATCH(BD15,T_Equipos[NombreEquipo],0))) -> 2 | CT15: =IF(COUNTIFS($CS$6:$CS$53,CS15,$BC$6:$BC$53,INDEX(T_Equipos[Grupo],MATCH(BD15,T_Equipos[NombreEquipo],0)))=1,"-","P."&CS15&" ("&COUNTIFS($CS$6:$CS$53,CS15,$BC$6:$BC$53,INDEX(T_Equipos[Grupo],MATCH(BD15,T_Equipos[NombreEquipo],0)))&")") -> - | CU15: =IF(CT15="-","-",BL15) -> - | CV15: =CS15+COUNTIFS($CT$6:$CT$53,CT15,$CU$6:CU$53,">"&CU15,$BC$6:$BC$53,INDEX(T_Equipos[Grupo],MATCH(BD15,T_Equipos[NombreEquipo],0))) -> 2 | CW15: =IF(COUNTIFS($CV$6:$CV$53,CV15,$BC$6:$BC$53,INDEX(T_Equipos[Grupo],MATCH(BD15,T_Equipos[NombreEquipo],0)))=1,"-","P."&CV15&" ("&COUNTIFS($CV$6:$CV$53,CV15,$BC$6:$BC$53,INDEX(T_Equipos[Grupo],MATCH(BD15,T_Equipos[NombreEquipo],0)))&")") -> - | CX15: =IF(CW15="-","-",BJ15) -> - | CY15: =CV15+COUNTIFS($CW$6:$CW$53,CW15,$CX$6:CX$53,">"&CX15,$BC$6:$BC$53,INDEX(T_Equipos[Grupo],MATCH(BD15,T_Equipos[NombreEquipo],0))) -> 2 | CZ15: =IF(COUNTIFS($CY$6:$CY$53,CY15,$BC$6:$BC$53,INDEX(T_Equipos[Grupo],MATCH(BD15,T_Equipos[NombreEquipo],0)))=1,"-","P."&CY15&" ("&COUNTIFS($CY$6:$CY$53,CY15,$BC$6:$BC$53,INDEX(T_Equipos[Grupo],MATCH(BD15,T_Equipos[NombreEquipo],0)))&")") -> - | DA15: =IF(CZ15="-","-",COUNTIFS(T_Equipos[Rank],"<"&INDEX(T_Equipos[Rank],MATCH(BD15,T_Equipos[NombreEquipo],0)),$BC$6:$BC$53,INDEX(T_Equipos[Grupo],MATCH(BD15,T_Equipos[NombreEquipo],0)))+1) -> - | DB15: =CY15+COUNTIFS($CZ$6:$CZ$53,CZ15,$DA$6:DA$53,"<"&DA15,$BC$6:$BC$53,INDEX(T_Equipos[Grupo],MATCH(BD15,T_Equipos[NombreEquipo],0))) -> 2 | DD15: =IF(OR(INDEX($AW$6:$AW$97,MATCH($BD15,$AV$6:$AV$97,0))="",CZ15="-"),DB15,INDEX($AW$6:$AW$97,MATCH($BD15,$AV$6:$AV$97,0))+DB15/1000) -> 2 | DE15: =IF(CZ15="-","-",COUNTIFS(DD$6:DD$53,"<"&DD15,$BC$6:$BC$53,INDEX(T_Equipos[Grupo],MATCH(BD15,T_Equipos[NombreEquipo],0)))) -> - | DF15: =CY15+COUNTIFS(CZ$6:CZ$53,CZ15,DE$6:DE$53,"<"&DE15,$BC$6:$BC$53,INDEX(T_Equipos[Grupo],MATCH(BD15,T_Equipos[NombreEquipo],0))) -> 2 | DH15: =INDEX($CY$6:$CY$53,MATCH($DO15,$BD$6:$BD$53,0)) -> 2 | DI15: =+SUMIF($BC$6:$BC$53,BC15,$BF$6:$BF$53) -> 12 | DJ15: =IF(OR(DI15=12,$AJ$99=144),COUNTIFS($DH$6:$DH$53,DH15,$BC$6:$BC$53,BC15),1) -> 1 | DK15: =DH15&"."&DJ15 -> 2.1 | DL15: {=OFFSET(Horarios!$P$3,DH15-1,0,DJ15,1)} -> 2 | DN15: 2C | DO15: =INDEX($BD$6:$BD$53,MATCH(DN15,$BM$6:$BM$53,0)) -> Marruecos
A16: =+Equipos!B9 -> Suiza | D16: =IF(OR(AC16="",AD16=""),"Pendiente",IF(AC16>AD16,"Local",IF(AC16<AD16,"Visitante","Empate"))) -> Local | E16: =IF(D16="Pendiente","-",INDEX($BR$6:$BR$53,MATCH($AA16,$BD$6:$BD$53,0))) -> - | F16: =IF(D16="Pendiente","-",INDEX($BR$6:$BR$53,MATCH($AF16,$BD$6:$BD$53,0))) -> - | H16: =IF(D16="Pendiente","-",INDEX($BX$6:$BX$53,MATCH($AA16,$BD$6:$BD$53,0))) -> - | I16: =IF(D16="Pendiente","-",INDEX($BX$6:$BX$53,MATCH($AF16,$BD$6:$BD$53,0))) -> - | K16: =IF(D16="Pendiente","-",INDEX($CC$6:$CC$53,MATCH($AA16,$BD$6:$BD$53,0))) -> - | L16: =IF(D16="Pendiente","-",INDEX($CC$6:$CC$53,MATCH($AF16,$BD$6:$BD$53,0))) -> - | N16: =IF(D16="Pendiente","-",INDEX($CF$6:$CF$53,MATCH($AA16,$BD$6:$BD$53,0))) -> - | O16: =IF(D16="Pendiente","-",INDEX($CF$6:$CF$53,MATCH($AF16,$BD$6:$BD$53,0))) -> - | Q16: =IF(D16="Pendiente","-",INDEX($CL$6:$CL$53,MATCH($AA16,$BD$6:$BD$53,0))) -> - | R16: =IF(D16="Pendiente","-",INDEX($CL$6:$CL$53,MATCH($AF16,$BD$6:$BD$53,0))) -> - | T16: =IF(D16="Pendiente","-",INDEX($CQ$6:$CQ$53,MATCH($AA16,$BD$6:$BD$53,0))) -> - | U16: =IF(D16="Pendiente","-",INDEX($CQ$6:$CQ$53,MATCH($AF16,$BD$6:$BD$53,0))) -> - | X16: =Horarios!C16 -> 46197.875 | Y16: =Horarios!C16 -> 46197.875 | Z16: =$Z$8 -> J3 | AA16: =A16 -> Suiza | AB16: =+INDEX(Equipos!$L$2:$L$49,MATCH(WORLDCUP!AA16,Equipos!$K$2:$K$49,0)) -> 🇨🇭 | AC16: 1 | AD16: 0 | AE16: =+INDEX(Equipos!$L$2:$L$49,MATCH(WORLDCUP!AF16,Equipos!$K$2:$K$49,0)) -> 🇨🇦 | AF16: =A13 -> Canadá | AG16: =IF(NOT(OR(ISBLANK(AC16),ISBLANK(AD16))),1,0) -> 1 | AH16: 51 | AI16: =AJ16&$B$12 -> 3B | AJ16: 3 | AK16: =+INDEX(Equipos!$L$2:$L$49,MATCH(WORLDCUP!AL16,Equipos!$K$2:$K$49,0)) -> 🇶🇦 | AL16: =IFERROR(INDEX($BD$6:$BD$53,MATCH(AI16,$BN$6:$BN$53,0)),"") -> Catar | AM16: =INDEX($BE$6:$BN$53,MATCH($AL16,$BD$6:$BD$53,0),MATCH(AM$5,$BE$5:$BN$5,0)) -> 3 | AN16: =INDEX($BE$6:$BN$53,MATCH($AL16,$BD$6:$BD$53,0),MATCH(AN$5,$BE$5:$BN$5,0)) -> 3 | AO16: =INDEX($BE$6:$BN$53,MATCH($AL16,$BD$6:$BD$53,0),MATCH(AO$5,$BE$5:$BN$5,0)) -> 1 | AP16: =INDEX($BE$6:$BN$53,MATCH($AL16,$BD$6:$BD$53,0),MATCH(AP$5,$BE$5:$BN$5,0)) -> 0 | AQ16: =INDEX($BE$6:$BN$53,MATCH($AL16,$BD$6:$BD$53,0),MATCH(AQ$5,$BE$5:$BN$5,0)) -> 2 | AR16: =INDEX($BE$6:$BN$53,MATCH($AL16,$BD$6:$BD$53,0),MATCH(AR$5,$BE$5:$BN$5,0)) -> 1 | AS16: =INDEX($BE$6:$BN$53,MATCH($AL16,$BD$6:$BD$53,0),MATCH(AS$5,$BE$5:$BN$5,0)) -> 3 | AT16: =INDEX($BE$6:$BN$53,MATCH($AL16,$BD$6:$BD$53,0),MATCH(AT$5,$BE$5:$BN$5,0)) -> -2 | AU16: =INDEX($DJ$6:$DJ$53,MATCH(AI16,$DN$6:$DN$53,0)) -> 1 | AV16: =INDEX($BD$6:$BD$53,MATCH(AI16,$BM$6:$BM$53,0)) -> Catar | AY16: =+A15 -> Catar | BC16: =+INDEX(T_Equipos[Grupo],MATCH(WORLDCUP!BD16,T_Equipos[NombreEquipo],0)) -> C | BD16: =+Equipos!B12 -> Haití | BE16: =+BG16*3+BH16+IF($AZ$3="No",0,INDEX($AZ$6:$AZ$97,MATCH(BD16,$AY$6:$AY$97,0))) -> 0 | BF16: =+BG16+BH16+BI16 -> 3 | BG16: =+COUNTIFS(FGLocal,BD16,Ganador,"Local")+COUNTIFS(FGVisitante,BD16,Ganador,"Visitante") -> 0 | BH16: =+COUNTIFS(FGLocal,BD16,Ganador,"Empate")+COUNTIFS(FGVisitante,BD16,Ganador,"Empate") -> 0 | BI16: =+COUNTIFS(FGVisitante,BD16,Ganador,"Local")+COUNTIFS(FGLocal,BD16,Ganador,"Visitante") -> 3 | BJ16: =+SUMIFS(FG_GolesLocal,FGLocal,BD16,Ganador,"<>"&"Pendiente",FG_GolesLocal,"<>"&"",FG_GolesVisitante,"<>"&"")+SUMIFS(FG_GolesVisitante,FGVisitante,BD16,Ganador,"<>"&"Pendiente",FG_GolesLocal,"<>"&"",FG_GolesVisitante,"<>"&"") -> 1 | BK16: =+SUMIFS(FG_GolesLocal,FGVisitante,BD16,Ganador,"<>"&"Pendiente",FG_GolesLocal,"<>"&"",FG_GolesVisitante,"<>"&"")+SUMIFS(FG_GolesVisitante,FGLocal,BD16,Ganador,"<>"&"Pendiente",FG_GolesLocal,"<>"&"",FG_GolesVisitante,"<>"&"") -> 6 | BL16: =+BJ16-BK16 -> -5 | BM16: =DB16&BC16 -> 4C | BN16: =DF16&BC16 -> 4C | BP16: =+BE16 -> 0 | BQ16: =COUNTIFS($BE$6:$BE$53,">"&BE16,$BC$6:$BC$53,INDEX(T_Equipos[Grupo],MATCH(BD16,T_Equipos[NombreEquipo],0)))+1 -> 4 | BR16: =IF(COUNTIFS($BQ$6:$BQ$53,BQ16,$BC$6:$BC$53,INDEX(T_Equipos[Grupo],MATCH(BD16,T_Equipos[NombreEquipo],0)))=1,"-","P."&BQ16&" ("&COUNTIFS($BQ$6:$BQ$53,BQ16,$BC$6:$BC$53,INDEX(T_Equipos[Grupo],MATCH(BD16,T_Equipos[NombreEquipo],0)))&")") -> - | BS16: =IF($BR16="-","-",COUNTIFS(FGLocal,$BD16,Ganador,"Local",Part1Empate1V,$BR16)+COUNTIFS(FGVisitante,$BD16,Ganador,"Visitante",Part1Empate1L,$BR16)) -> - | BT16: =IF($BR16="-","-",COUNTIFS(FGLocal,$BD16,Ganador,"Empate",Part1Empate1V,$BR16)+COUNTIFS(FGVisitante,$BD16,Ganador,"Empate",Part1Empate1L,$BR16)) -> - | BU16: =IF($BR16="-","-",COUNTIFS(FGLocal,$BD16,Ganador,"Visitante",Part1Empate1V,$BR16)+COUNTIFS(FGVisitante,$BD16,Ganador,"Local",Part1Empate1L,$BR16)) -> - | BV16: =IF($BR16="-","-",BS16*3+BT16) -> - | BW16: =BQ16+COUNTIFS($BR$6:$BR$53,BR16,$BV$6:BV$53,">"&BV16,$BC$6:$BC$53,INDEX(T_Equipos[Grupo],MATCH(BD16,T_Equipos[NombreEquipo],0))) -> 4 | BX16: =IF(COUNTIFS($BW$6:$BW$53,BW16,$BC$6:$BC$53,INDEX(T_Equipos[Grupo],MATCH(BD16,T_Equipos[NombreEquipo],0)))=1,"-","P."&BW16&" ("&COUNTIFS($BW$6:$BW$53,BW16,$BC$6:$BC$53,INDEX(T_Equipos[Grupo],MATCH(BD16,T_Equipos[NombreEquipo],0)))&")") -> - | BY16: =IF($BX16="-","-",SUMIFS(FG_GolesLocal,FGLocal,$BD16,Part1Empate2V,$BX16)+SUMIFS(FG_GolesVisitante,FGVisitante,$BD16,Part1Empate2L,$BX16)) -> - | BZ16: =IF($BX16="-","-",SUMIFS(FG_GolesVisitante,FGLocal,$BD16,Part1Empate2V,$BX16)+SUMIFS(FG_GolesLocal,FGVisitante,$BD16,Part1Empate2L,$BX16)) -> - | CA16: =IF($BX16="-","-",BY16-BZ16) -> - | CB16: =BW16+COUNTIFS($BX$6:$BX$53,BX16,$CA$6:CA$53,">"&CA16,$BC$6:$BC$53,INDEX(T_Equipos[Grupo],MATCH(BD16,T_Equipos[NombreEquipo],0))) -> 4 | CC16: =IF(COUNTIFS($CB$6:$CB$53,CB16,$BC$6:$BC$53,INDEX(T_Equipos[Grupo],MATCH(BD16,T_Equipos[NombreEquipo],0)))=1,"-","P."&CB16&" ("&COUNTIFS($CB$6:$CB$53,CB16,$BC$6:$BC$53,INDEX(T_Equipos[Grupo],MATCH(BD16,T_Equipos[NombreEquipo],0)))&")") -> - | CD16: =IF($CC16="-","-",SUMIFS(FG_GolesLocal,FGLocal,$BD16,Part1Empate3V,$CC16)+SUMIFS(FG_GolesVisitante,FGVisitante,$BD16,Part1Empate3L,$CC16)) -> - | CE16: =CB16+COUNTIFS($CC$6:$CC$53,CC16,$CD$6:CD$53,">"&CD16,$BC$6:$BC$53,INDEX(T_Equipos[Grupo],MATCH(BD16,T_Equipos[NombreEquipo],0))) -> 4 | CF16: =IF(COUNTIFS($CE$6:$CE$53,CE16,$BC$6:$BC$53,INDEX(T_Equipos[Grupo],MATCH(BD16,T_Equipos[NombreEquipo],0)))=1,"-","P."&CE16&" ("&COUNTIFS($CE$6:$CE$53,CE16,$BC$6:$BC$53,INDEX(T_Equipos[Grupo],MATCH(BD16,T_Equipos[NombreEquipo],0)))&")") -> - | CG16: =IF($CF16="-","-",COUNTIFS(FGLocal,$BD16,Ganador,"Local",Part2Empate4V,$CF16)+COUNTIFS(FGVisitante,$BD16,Ganador,"Visitante",Part2Empate4L,$CF16)) -> - | CH16: =IF($CF16="-","-",COUNTIFS(FGLocal,$BD16,Ganador,"Empate",Part2Empate4V,$CF16)+COUNTIFS(FGVisitante,$BD16,Ganador,"Empate",Part2Empate4L,$CF16)) -> - | CI16: =IF($CF16="-","-",COUNTIFS(FGLocal,$BD16,Ganador,"Visitante",Part2Empate4V,$CF16)+COUNTIFS(FGVisitante,$BD16,Ganador,"Local",Part2Empate4L,$CF16)) -> - | CJ16: =IF($CF16="-","-",CG16*3+CH16) -> - | CK16: =CE16+COUNTIFS($CF$6:$CF$53,CF16,$CJ$6:CJ$53,">"&CJ16,$BC$6:$BC$53,INDEX(T_Equipos[Grupo],MATCH(BD16,T_Equipos[NombreEquipo],0))) -> 4 | CL16: =IF(COUNTIFS($CK$6:$CK$53,CK16,$BC$6:$BC$53,INDEX(T_Equipos[Grupo],MATCH(BD16,T_Equipos[NombreEquipo],0)))=1,"-","P."&CK16&" ("&COUNTIFS($CK$6:$CK$53,CK16,$BC$6:$BC$53,INDEX(T_Equipos[Grupo],MATCH(BD16,T_Equipos[NombreEquipo],0)))&")") -> - | CM16: =IF($CL16="-","-",SUMIFS(FG_GolesLocal,FGLocal,$BD16,Part2Empate5V,$CL16)+SUMIFS(FG_GolesVisitante,FGVisitante,$BD16,Part2Empate5L,$CL16)) -> - | CN16: =IF($CL16="-","-",SUMIFS(FG_GolesVisitante,FGLocal,$BD16,Part2Empate5V,$CL16)+SUMIFS(FG_GolesLocal,FGVisitante,$BD16,Part2Empate5L,$CL16)) -> - | CO16: =IF($CL16="-","-",CM16-CN16) -> - | CP16: =CK16+COUNTIFS($CL$6:$CL$53,CL16,$CO$6:CO$53,">"&CO16,$BC$6:$BC$53,INDEX(T_Equipos[Grupo],MATCH(BD16,T_Equipos[NombreEquipo],0))) -> 4 | CQ16: =IF(COUNTIFS($CP$6:$CP$53,CP16,$BC$6:$BC$53,INDEX(T_Equipos[Grupo],MATCH(BD16,T_Equipos[NombreEquipo],0)))=1,"-","P."&CP16&" ("&COUNTIFS($CP$6:$CP$53,CP16,$BC$6:$BC$53,INDEX(T_Equipos[Grupo],MATCH(BD16,T_Equipos[NombreEquipo],0)))&")") -> - | CR16: =IF($CQ16="-","-",SUMIFS(FG_GolesLocal,FGLocal,$BD16,Part2Empate6V,$CQ16)+SUMIFS(FG_GolesVisitante,FGVisitante,$BD16,Part2Empate6L,$CQ16)) -> - | CS16: =CP16+COUNTIFS($CQ$6:$CQ$53,CQ16,$CR$6:CR$53,">"&CR16,$BC$6:$BC$53,INDEX(T_Equipos[Grupo],MATCH(BD16,T_Equipos[NombreEquipo],0))) -> 4 | CT16: =IF(COUNTIFS($CS$6:$CS$53,CS16,$BC$6:$BC$53,INDEX(T_Equipos[Grupo],MATCH(BD16,T_Equipos[NombreEquipo],0)))=1,"-","P."&CS16&" ("&COUNTIFS($CS$6:$CS$53,CS16,$BC$6:$BC$53,INDEX(T_Equipos[Grupo],MATCH(BD16,T_Equipos[NombreEquipo],0)))&")") -> - | CU16: =IF(CT16="-","-",BL16) -> - | CV16: =CS16+COUNTIFS($CT$6:$CT$53,CT16,$CU$6:CU$53,">"&CU16,$BC$6:$BC$53,INDEX(T_Equipos[Grupo],MATCH(BD16,T_Equipos[NombreEquipo],0))) -> 4 | CW16: =IF(COUNTIFS($CV$6:$CV$53,CV16,$BC$6:$BC$53,INDEX(T_Equipos[Grupo],MATCH(BD16,T_Equipos[NombreEquipo],0)))=1,"-","P."&CV16&" ("&COUNTIFS($CV$6:$CV$53,CV16,$BC$6:$BC$53,INDEX(T_Equipos[Grupo],MATCH(BD16,T_Equipos[NombreEquipo],0)))&")") -> - | CX16: =IF(CW16="-","-",BJ16) -> - | CY16: =CV16+COUNTIFS($CW$6:$CW$53,CW16,$CX$6:CX$53,">"&CX16,$BC$6:$BC$53,INDEX(T_Equipos[Grupo],MATCH(BD16,T_Equipos[NombreEquipo],0))) -> 4 | CZ16: =IF(COUNTIFS($CY$6:$CY$53,CY16,$BC$6:$BC$53,INDEX(T_Equipos[Grupo],MATCH(BD16,T_Equipos[NombreEquipo],0)))=1,"-","P."&CY16&" ("&COUNTIFS($CY$6:$CY$53,CY16,$BC$6:$BC$53,INDEX(T_Equipos[Grupo],MATCH(BD16,T_Equipos[NombreEquipo],0)))&")") -> - | DA16: =IF(CZ16="-","-",COUNTIFS(T_Equipos[Rank],"<"&INDEX(T_Equipos[Rank],MATCH(BD16,T_Equipos[NombreEquipo],0)),$BC$6:$BC$53,INDEX(T_Equipos[Grupo],MATCH(BD16,T_Equipos[NombreEquipo],0)))+1) -> - | DB16: =CY16+COUNTIFS($CZ$6:$CZ$53,CZ16,$DA$6:DA$53,"<"&DA16,$BC$6:$BC$53,INDEX(T_Equipos[Grupo],MATCH(BD16,T_Equipos[NombreEquipo],0))) -> 4 | DD16: =IF(OR(INDEX($AW$6:$AW$97,MATCH($BD16,$AV$6:$AV$97,0))="",CZ16="-"),DB16,INDEX($AW$6:$AW$97,MATCH($BD16,$AV$6:$AV$97,0))+DB16/1000) -> 4 | DE16: =IF(CZ16="-","-",COUNTIFS(DD$6:DD$53,"<"&DD16,$BC$6:$BC$53,INDEX(T_Equipos[Grupo],MATCH(BD16,T_Equipos[NombreEquipo],0)))) -> - | DF16: =CY16+COUNTIFS(CZ$6:CZ$53,CZ16,DE$6:DE$53,"<"&DE16,$BC$6:$BC$53,INDEX(T_Equipos[Grupo],MATCH(BD16,T_Equipos[NombreEquipo],0))) -> 4 | DH16: =INDEX($CY$6:$CY$53,MATCH($DO16,$BD$6:$BD$53,0)) -> 3 | DI16: =+SUMIF($BC$6:$BC$53,BC16,$BF$6:$BF$53) -> 12 | DJ16: =IF(OR(DI16=12,$AJ$99=144),COUNTIFS($DH$6:$DH$53,DH16,$BC$6:$BC$53,BC16),1) -> 1 | DK16: =DH16&"."&DJ16 -> 3.1 | DL16: {=OFFSET(Horarios!$P$3,DH16-1,0,DJ16,1)} -> 3 | DN16: 3C | DO16: =INDEX($BD$6:$BD$53,MATCH(DN16,$BM$6:$BM$53,0)) -> Escocia
D17: =IF(OR(AC17="",AD17=""),"Pendiente",IF(AC17>AD17,"Local",IF(AC17<AD17,"Visitante","Empate"))) -> Visitante | E17: =IF(D17="Pendiente","-",INDEX($BR$6:$BR$53,MATCH($AA17,$BD$6:$BD$53,0))) -> - | F17: =IF(D17="Pendiente","-",INDEX($BR$6:$BR$53,MATCH($AF17,$BD$6:$BD$53,0))) -> - | H17: =IF(D17="Pendiente","-",INDEX($BX$6:$BX$53,MATCH($AA17,$BD$6:$BD$53,0))) -> - | I17: =IF(D17="Pendiente","-",INDEX($BX$6:$BX$53,MATCH($AF17,$BD$6:$BD$53,0))) -> - | K17: =IF(D17="Pendiente","-",INDEX($CC$6:$CC$53,MATCH($AA17,$BD$6:$BD$53,0))) -> - | L17: =IF(D17="Pendiente","-",INDEX($CC$6:$CC$53,MATCH($AF17,$BD$6:$BD$53,0))) -> - | N17: =IF(D17="Pendiente","-",INDEX($CF$6:$CF$53,MATCH($AA17,$BD$6:$BD$53,0))) -> - | O17: =IF(D17="Pendiente","-",INDEX($CF$6:$CF$53,MATCH($AF17,$BD$6:$BD$53,0))) -> - | Q17: =IF(D17="Pendiente","-",INDEX($CL$6:$CL$53,MATCH($AA17,$BD$6:$BD$53,0))) -> - | R17: =IF(D17="Pendiente","-",INDEX($CL$6:$CL$53,MATCH($AF17,$BD$6:$BD$53,0))) -> - | T17: =IF(D17="Pendiente","-",INDEX($CQ$6:$CQ$53,MATCH($AA17,$BD$6:$BD$53,0))) -> - | U17: =IF(D17="Pendiente","-",INDEX($CQ$6:$CQ$53,MATCH($AF17,$BD$6:$BD$53,0))) -> - | X17: =Horarios!C17 -> 46197.875 | Y17: =Horarios!C17 -> 46197.875 | Z17: =$Z$8 -> J3 | AA17: =A14 -> PO A: ITA/NIR/WAL/BIH | AB17: =+INDEX(Equipos!$L$2:$L$49,MATCH(WORLDCUP!AA17,Equipos!$K$2:$K$49,0)) | AC17: 0 | AD17: 1 | AE17: =+INDEX(Equipos!$L$2:$L$49,MATCH(WORLDCUP!AF17,Equipos!$K$2:$K$49,0)) -> 🇶🇦 | AF17: =A15 -> Catar | AG17: =IF(NOT(OR(ISBLANK(AC17),ISBLANK(AD17))),1,0) -> 1 | AH17: 52 | AI17: =AJ17&$B$12 -> 4B | AJ17: 4 | AK17: =+INDEX(Equipos!$L$2:$L$49,MATCH(WORLDCUP!AL17,Equipos!$K$2:$K$49,0)) | AL17: =IFERROR(INDEX($BD$6:$BD$53,MATCH(AI17,$BN$6:$BN$53,0)),"") -> PO A: ITA/NIR/WAL/BIH | AM17: =INDEX($BE$6:$BN$53,MATCH($AL17,$BD$6:$BD$53,0),MATCH(AM$5,$BE$5:$BN$5,0)) -> 1 | AN17: =INDEX($BE$6:$BN$53,MATCH($AL17,$BD$6:$BD$53,0),MATCH(AN$5,$BE$5:$BN$5,0)) -> 3 | AO17: =INDEX($BE$6:$BN$53,MATCH($AL17,$BD$6:$BD$53,0),MATCH(AO$5,$BE$5:$BN$5,0)) -> 0 | AP17: =INDEX($BE$6:$BN$53,MATCH($AL17,$BD$6:$BD$53,0),MATCH(AP$5,$BE$5:$BN$5,0)) -> 1 | AQ17: =INDEX($BE$6:$BN$53,MATCH($AL17,$BD$6:$BD$53,0),MATCH(AQ$5,$BE$5:$BN$5,0)) -> 2 | AR17: =INDEX($BE$6:$BN$53,MATCH($AL17,$BD$6:$BD$53,0),MATCH(AR$5,$BE$5:$BN$5,0)) -> 1 | AS17: =INDEX($BE$6:$BN$53,MATCH($AL17,$BD$6:$BD$53,0),MATCH(AS$5,$BE$5:$BN$5,0)) -> 3 | AT17: =INDEX($BE$6:$BN$53,MATCH($AL17,$BD$6:$BD$53,0),MATCH(AT$5,$BE$5:$BN$5,0)) -> -2 | AU17: =INDEX($DJ$6:$DJ$53,MATCH(AI17,$DN$6:$DN$53,0)) -> 1 | AV17: =INDEX($BD$6:$BD$53,MATCH(AI17,$BM$6:$BM$53,0)) -> PO A: ITA/NIR/WAL/BIH | AY17: =+A16 -> Suiza | BC17: =+INDEX(T_Equipos[Grupo],MATCH(WORLDCUP!BD17,T_Equipos[NombreEquipo],0)) -> C | BD17: =+Equipos!B13 -> Escocia | BE17: =+BG17*3+BH17+IF($AZ$3="No",0,INDEX($AZ$6:$AZ$97,MATCH(BD17,$AY$6:$AY$97,0))) -> 3 | BF17: =+BG17+BH17+BI17 -> 3 | BG17: =+COUNTIFS(FGLocal,BD17,Ganador,"Local")+COUNTIFS(FGVisitante,BD17,Ganador,"Visitante") -> 1 | BH17: =+COUNTIFS(FGLocal,BD17,Ganador,"Empate")+COUNTIFS(FGVisitante,BD17,Ganador,"Empate") -> 0 | BI17: =+COUNTIFS(FGVisitante,BD17,Ganador,"Local")+COUNTIFS(FGLocal,BD17,Ganador,"Visitante") -> 2 | BJ17: =+SUMIFS(FG_GolesLocal,FGLocal,BD17,Ganador,"<>"&"Pendiente",FG_GolesLocal,"<>"&"",FG_GolesVisitante,"<>"&"")+SUMIFS(FG_GolesVisitante,FGVisitante,BD17,Ganador,"<>"&"Pendiente",FG_GolesLocal,"<>"&"",FG_GolesVisitante,"<>"&"") -> 2 | BK17: =+SUMIFS(FG_GolesLocal,FGVisitante,BD17,Ganador,"<>"&"Pendiente",FG_GolesLocal,"<>"&"",FG_GolesVisitante,"<>"&"")+SUMIFS(FG_GolesVisitante,FGLocal,BD17,Ganador,"<>"&"Pendiente",FG_GolesLocal,"<>"&"",FG_GolesVisitante,"<>"&"") -> 2 | BL17: =+BJ17-BK17 -> 0 | BM17: =DB17&BC17 -> 3C | BN17: =DF17&BC17 -> 3C | BP17: =+BE17 -> 3 | BQ17: =COUNTIFS($BE$6:$BE$53,">"&BE17,$BC$6:$BC$53,INDEX(T_Equipos[Grupo],MATCH(BD17,T_Equipos[NombreEquipo],0)))+1 -> 3 | BR17: =IF(COUNTIFS($BQ$6:$BQ$53,BQ17,$BC$6:$BC$53,INDEX(T_Equipos[Grupo],MATCH(BD17,T_Equipos[NombreEquipo],0)))=1,"-","P."&BQ17&" ("&COUNTIFS($BQ$6:$BQ$53,BQ17,$BC$6:$BC$53,INDEX(T_Equipos[Grupo],MATCH(BD17,T_Equipos[NombreEquipo],0)))&")") -> - | BS17: =IF($BR17="-","-",COUNTIFS(FGLocal,$BD17,Ganador,"Local",Part1Empate1V,$BR17)+COUNTIFS(FGVisitante,$BD17,Ganador,"Visitante",Part1Empate1L,$BR17)) -> - | BT17: =IF($BR17="-","-",COUNTIFS(FGLocal,$BD17,Ganador,"Empate",Part1Empate1V,$BR17)+COUNTIFS(FGVisitante,$BD17,Ganador,"Empate",Part1Empate1L,$BR17)) -> - | BU17: =IF($BR17="-","-",COUNTIFS(FGLocal,$BD17,Ganador,"Visitante",Part1Empate1V,$BR17)+COUNTIFS(FGVisitante,$BD17,Ganador,"Local",Part1Empate1L,$BR17)) -> - | BV17: =IF($BR17="-","-",BS17*3+BT17) -> - | BW17: =BQ17+COUNTIFS($BR$6:$BR$53,BR17,$BV$6:BV$53,">"&BV17,$BC$6:$BC$53,INDEX(T_Equipos[Grupo],MATCH(BD17,T_Equipos[NombreEquipo],0))) -> 3 | BX17: =IF(COUNTIFS($BW$6:$BW$53,BW17,$BC$6:$BC$53,INDEX(T_Equipos[Grupo],MATCH(BD17,T_Equipos[NombreEquipo],0)))=1,"-","P."&BW17&" ("&COUNTIFS($BW$6:$BW$53,BW17,$BC$6:$BC$53,INDEX(T_Equipos[Grupo],MATCH(BD17,T_Equipos[NombreEquipo],0)))&")") -> - | BY17: =IF($BX17="-","-",SUMIFS(FG_GolesLocal,FGLocal,$BD17,Part1Empate2V,$BX17)+SUMIFS(FG_GolesVisitante,FGVisitante,$BD17,Part1Empate2L,$BX17)) -> - | BZ17: =IF($BX17="-","-",SUMIFS(FG_GolesVisitante,FGLocal,$BD17,Part1Empate2V,$BX17)+SUMIFS(FG_GolesLocal,FGVisitante,$BD17,Part1Empate2L,$BX17)) -> - | CA17: =IF($BX17="-","-",BY17-BZ17) -> - | CB17: =BW17+COUNTIFS($BX$6:$BX$53,BX17,$CA$6:CA$53,">"&CA17,$BC$6:$BC$53,INDEX(T_Equipos[Grupo],MATCH(BD17,T_Equipos[NombreEquipo],0))) -> 3 | CC17: =IF(COUNTIFS($CB$6:$CB$53,CB17,$BC$6:$BC$53,INDEX(T_Equipos[Grupo],MATCH(BD17,T_Equipos[NombreEquipo],0)))=1,"-","P."&CB17&" ("&COUNTIFS($CB$6:$CB$53,CB17,$BC$6:$BC$53,INDEX(T_Equipos[Grupo],MATCH(BD17,T_Equipos[NombreEquipo],0)))&")") -> - | CD17: =IF($CC17="-","-",SUMIFS(FG_GolesLocal,FGLocal,$BD17,Part1Empate3V,$CC17)+SUMIFS(FG_GolesVisitante,FGVisitante,$BD17,Part1Empate3L,$CC17)) -> - | CE17: =CB17+COUNTIFS($CC$6:$CC$53,CC17,$CD$6:CD$53,">"&CD17,$BC$6:$BC$53,INDEX(T_Equipos[Grupo],MATCH(BD17,T_Equipos[NombreEquipo],0))) -> 3 | CF17: =IF(COUNTIFS($CE$6:$CE$53,CE17,$BC$6:$BC$53,INDEX(T_Equipos[Grupo],MATCH(BD17,T_Equipos[NombreEquipo],0)))=1,"-","P."&CE17&" ("&COUNTIFS($CE$6:$CE$53,CE17,$BC$6:$BC$53,INDEX(T_Equipos[Grupo],MATCH(BD17,T_Equipos[NombreEquipo],0)))&")") -> - | CG17: =IF($CF17="-","-",COUNTIFS(FGLocal,$BD17,Ganador,"Local",Part2Empate4V,$CF17)+COUNTIFS(FGVisitante,$BD17,Ganador,"Visitante",Part2Empate4L,$CF17)) -> - | CH17: =IF($CF17="-","-",COUNTIFS(FGLocal,$BD17,Ganador,"Empate",Part2Empate4V,$CF17)+COUNTIFS(FGVisitante,$BD17,Ganador,"Empate",Part2Empate4L,$CF17)) -> - | CI17: =IF($CF17="-","-",COUNTIFS(FGLocal,$BD17,Ganador,"Visitante",Part2Empate4V,$CF17)+COUNTIFS(FGVisitante,$BD17,Ganador,"Local",Part2Empate4L,$CF17)) -> - | CJ17: =IF($CF17="-","-",CG17*3+CH17) -> - | CK17: =CE17+COUNTIFS($CF$6:$CF$53,CF17,$CJ$6:CJ$53,">"&CJ17,$BC$6:$BC$53,INDEX(T_Equipos[Grupo],MATCH(BD17,T_Equipos[NombreEquipo],0))) -> 3 | CL17: =IF(COUNTIFS($CK$6:$CK$53,CK17,$BC$6:$BC$53,INDEX(T_Equipos[Grupo],MATCH(BD17,T_Equipos[NombreEquipo],0)))=1,"-","P."&CK17&" ("&COUNTIFS($CK$6:$CK$53,CK17,$BC$6:$BC$53,INDEX(T_Equipos[Grupo],MATCH(BD17,T_Equipos[NombreEquipo],0)))&")") -> - | CM17: =IF($CL17="-","-",SUMIFS(FG_GolesLocal,FGLocal,$BD17,Part2Empate5V,$CL17)+SUMIFS(FG_GolesVisitante,FGVisitante,$BD17,Part2Empate5L,$CL17)) -> - | CN17: =IF($CL17="-","-",SUMIFS(FG_GolesVisitante,FGLocal,$BD17,Part2Empate5V,$CL17)+SUMIFS(FG_GolesLocal,FGVisitante,$BD17,Part2Empate5L,$CL17)) -> - | CO17: =IF($CL17="-","-",CM17-CN17) -> - | CP17: =CK17+COUNTIFS($CL$6:$CL$53,CL17,$CO$6:CO$53,">"&CO17,$BC$6:$BC$53,INDEX(T_Equipos[Grupo],MATCH(BD17,T_Equipos[NombreEquipo],0))) -> 3 | CQ17: =IF(COUNTIFS($CP$6:$CP$53,CP17,$BC$6:$BC$53,INDEX(T_Equipos[Grupo],MATCH(BD17,T_Equipos[NombreEquipo],0)))=1,"-","P."&CP17&" ("&COUNTIFS($CP$6:$CP$53,CP17,$BC$6:$BC$53,INDEX(T_Equipos[Grupo],MATCH(BD17,T_Equipos[NombreEquipo],0)))&")") -> - | CR17: =IF($CQ17="-","-",SUMIFS(FG_GolesLocal,FGLocal,$BD17,Part2Empate6V,$CQ17)+SUMIFS(FG_GolesVisitante,FGVisitante,$BD17,Part2Empate6L,$CQ17)) -> - | CS17: =CP17+COUNTIFS($CQ$6:$CQ$53,CQ17,$CR$6:CR$53,">"&CR17,$BC$6:$BC$53,INDEX(T_Equipos[Grupo],MATCH(BD17,T_Equipos[NombreEquipo],0))) -> 3 | CT17: =IF(COUNTIFS($CS$6:$CS$53,CS17,$BC$6:$BC$53,INDEX(T_Equipos[Grupo],MATCH(BD17,T_Equipos[NombreEquipo],0)))=1,"-","P."&CS17&" ("&COUNTIFS($CS$6:$CS$53,CS17,$BC$6:$BC$53,INDEX(T_Equipos[Grupo],MATCH(BD17,T_Equipos[NombreEquipo],0)))&")") -> - | CU17: =IF(CT17="-","-",BL17) -> - | CV17: =CS17+COUNTIFS($CT$6:$CT$53,CT17,$CU$6:CU$53,">"&CU17,$BC$6:$BC$53,INDEX(T_Equipos[Grupo],MATCH(BD17,T_Equipos[NombreEquipo],0))) -> 3 | CW17: =IF(COUNTIFS($CV$6:$CV$53,CV17,$BC$6:$BC$53,INDEX(T_Equipos[Grupo],MATCH(BD17,T_Equipos[NombreEquipo],0)))=1,"-","P."&CV17&" ("&COUNTIFS($CV$6:$CV$53,CV17,$BC$6:$BC$53,INDEX(T_Equipos[Grupo],MATCH(BD17,T_Equipos[NombreEquipo],0)))&")") -> - | CX17: =IF(CW17="-","-",BJ17) -> - | CY17: =CV17+COUNTIFS($CW$6:$CW$53,CW17,$CX$6:CX$53,">"&CX17,$BC$6:$BC$53,INDEX(T_Equipos[Grupo],MATCH(BD17,T_Equipos[NombreEquipo],0))) -> 3 | CZ17: =IF(COUNTIFS($CY$6:$CY$53,CY17,$BC$6:$BC$53,INDEX(T_Equipos[Grupo],MATCH(BD17,T_Equipos[NombreEquipo],0)))=1,"-","P."&CY17&" ("&COUNTIFS($CY$6:$CY$53,CY17,$BC$6:$BC$53,INDEX(T_Equipos[Grupo],MATCH(BD17,T_Equipos[NombreEquipo],0)))&")") -> - | DA17: =IF(CZ17="-","-",COUNTIFS(T_Equipos[Rank],"<"&INDEX(T_Equipos[Rank],MATCH(BD17,T_Equipos[NombreEquipo],0)),$BC$6:$BC$53,INDEX(T_Equipos[Grupo],MATCH(BD17,T_Equipos[NombreEquipo],0)))+1) -> - | DB17: =CY17+COUNTIFS($CZ$6:$CZ$53,CZ17,$DA$6:DA$53,"<"&DA17,$BC$6:$BC$53,INDEX(T_Equipos[Grupo],MATCH(BD17,T_Equipos[NombreEquipo],0))) -> 3 | DD17: =IF(OR(INDEX($AW$6:$AW$97,MATCH($BD17,$AV$6:$AV$97,0))="",CZ17="-"),DB17,INDEX($AW$6:$AW$97,MATCH($BD17,$AV$6:$AV$97,0))+DB17/1000) -> 3 | DE17: =IF(CZ17="-","-",COUNTIFS(DD$6:DD$53,"<"&DD17,$BC$6:$BC$53,INDEX(T_Equipos[Grupo],MATCH(BD17,T_Equipos[NombreEquipo],0)))) -> - | DF17: =CY17+COUNTIFS(CZ$6:CZ$53,CZ17,DE$6:DE$53,"<"&DE17,$BC$6:$BC$53,INDEX(T_Equipos[Grupo],MATCH(BD17,T_Equipos[NombreEquipo],0))) -> 3 | DH17: =INDEX($CY$6:$CY$53,MATCH($DO17,$BD$6:$BD$53,0)) -> 4 | DI17: =+SUMIF($BC$6:$BC$53,BC17,$BF$6:$BF$53) -> 12 | DJ17: =IF(OR(DI17=12,$AJ$99=144),COUNTIFS($DH$6:$DH$53,DH17,$BC$6:$BC$53,BC17),1) -> 1 | DK17: =DH17&"."&DJ17 -> 4.1 | DL17: {=OFFSET(Horarios!$P$3,DH17-1,0,DJ17,1)} -> 4 | DN17: 4C | DO17: =INDEX($BD$6:$BD$53,MATCH(DN17,$BM$6:$BM$53,0)) -> Haití
BC18: =+INDEX(T_Equipos[Grupo],MATCH(WORLDCUP!BD18,T_Equipos[NombreEquipo],0)) -> D | BD18: =+Equipos!B14 -> Estados Unidos | BE18: =+BG18*3+BH18+IF($AZ$3="No",0,INDEX($AZ$6:$AZ$97,MATCH(BD18,$AY$6:$AY$97,0))) -> 9 | BF18: =+BG18+BH18+BI18 -> 3 | BG18: =+COUNTIFS(FGLocal,BD18,Ganador,"Local")+COUNTIFS(FGVisitante,BD18,Ganador,"Visitante") -> 3 | BH18: =+COUNTIFS(FGLocal,BD18,Ganador,"Empate")+COUNTIFS(FGVisitante,BD18,Ganador,"Empate") -> 0 | BI18: =+COUNTIFS(FGVisitante,BD18,Ganador,"Local")+COUNTIFS(FGLocal,BD18,Ganador,"Visitante") -> 0 | BJ18: =+SUMIFS(FG_GolesLocal,FGLocal,BD18,Ganador,"<>"&"Pendiente",FG_GolesLocal,"<>"&"",FG_GolesVisitante,"<>"&"")+SUMIFS(FG_GolesVisitante,FGVisitante,BD18,Ganador,"<>"&"Pendiente",FG_GolesLocal,"<>"&"",FG_GolesVisitante,"<>"&"") -> 4 | BK18: =+SUMIFS(FG_GolesLocal,FGVisitante,BD18,Ganador,"<>"&"Pendiente",FG_GolesLocal,"<>"&"",FG_GolesVisitante,"<>"&"")+SUMIFS(FG_GolesVisitante,FGLocal,BD18,Ganador,"<>"&"Pendiente",FG_GolesLocal,"<>"&"",FG_GolesVisitante,"<>"&"") -> 0 | BL18: =+BJ18-BK18 -> 4 | BM18: =DB18&BC18 -> 1D | BN18: =DF18&BC18 -> 1D | BP18: =+BE18 -> 9 | BQ18: =COUNTIFS($BE$6:$BE$53,">"&BE18,$BC$6:$BC$53,INDEX(T_Equipos[Grupo],MATCH(BD18,T_Equipos[NombreEquipo],0)))+1 -> 1 | BR18: =IF(COUNTIFS($BQ$6:$BQ$53,BQ18,$BC$6:$BC$53,INDEX(T_Equipos[Grupo],MATCH(BD18,T_Equipos[NombreEquipo],0)))=1,"-","P."&BQ18&" ("&COUNTIFS($BQ$6:$BQ$53,BQ18,$BC$6:$BC$53,INDEX(T_Equipos[Grupo],MATCH(BD18,T_Equipos[NombreEquipo],0)))&")") -> - | BS18: =IF($BR18="-","-",COUNTIFS(FGLocal,$BD18,Ganador,"Local",Part1Empate1V,$BR18)+COUNTIFS(FGVisitante,$BD18,Ganador,"Visitante",Part1Empate1L,$BR18)) -> - | BT18: =IF($BR18="-","-",COUNTIFS(FGLocal,$BD18,Ganador,"Empate",Part1Empate1V,$BR18)+COUNTIFS(FGVisitante,$BD18,Ganador,"Empate",Part1Empate1L,$BR18)) -> - | BU18: =IF($BR18="-","-",COUNTIFS(FGLocal,$BD18,Ganador,"Visitante",Part1Empate1V,$BR18)+COUNTIFS(FGVisitante,$BD18,Ganador,"Local",Part1Empate1L,$BR18)) -> - | BV18: =IF($BR18="-","-",BS18*3+BT18) -> - | BW18: =BQ18+COUNTIFS($BR$6:$BR$53,BR18,$BV$6:BV$53,">"&BV18,$BC$6:$BC$53,INDEX(T_Equipos[Grupo],MATCH(BD18,T_Equipos[NombreEquipo],0))) -> 1 | BX18: =IF(COUNTIFS($BW$6:$BW$53,BW18,$BC$6:$BC$53,INDEX(T_Equipos[Grupo],MATCH(BD18,T_Equipos[NombreEquipo],0)))=1,"-","P."&BW18&" ("&COUNTIFS($BW$6:$BW$53,BW18,$BC$6:$BC$53,INDEX(T_Equipos[Grupo],MATCH(BD18,T_Equipos[NombreEquipo],0)))&")") -> - | BY18: =IF($BX18="-","-",SUMIFS(FG_GolesLocal,FGLocal,$BD18,Part1Empate2V,$BX18)+SUMIFS(FG_GolesVisitante,FGVisitante,$BD18,Part1Empate2L,$BX18)) -> - | BZ18: =IF($BX18="-","-",SUMIFS(FG_GolesVisitante,FGLocal,$BD18,Part1Empate2V,$BX18)+SUMIFS(FG_GolesLocal,FGVisitante,$BD18,Part1Empate2L,$BX18)) -> - | CA18: =IF($BX18="-","-",BY18-BZ18) -> - | CB18: =BW18+COUNTIFS($BX$6:$BX$53,BX18,$CA$6:CA$53,">"&CA18,$BC$6:$BC$53,INDEX(T_Equipos[Grupo],MATCH(BD18,T_Equipos[NombreEquipo],0))) -> 1 | CC18: =IF(COUNTIFS($CB$6:$CB$53,CB18,$BC$6:$BC$53,INDEX(T_Equipos[Grupo],MATCH(BD18,T_Equipos[NombreEquipo],0)))=1,"-","P."&CB18&" ("&COUNTIFS($CB$6:$CB$53,CB18,$BC$6:$BC$53,INDEX(T_Equipos[Grupo],MATCH(BD18,T_Equipos[NombreEquipo],0)))&")") -> - | CD18: =IF($CC18="-","-",SUMIFS(FG_GolesLocal,FGLocal,$BD18,Part1Empate3V,$CC18)+SUMIFS(FG_GolesVisitante,FGVisitante,$BD18,Part1Empate3L,$CC18)) -> - | CE18: =CB18+COUNTIFS($CC$6:$CC$53,CC18,$CD$6:CD$53,">"&CD18,$BC$6:$BC$53,INDEX(T_Equipos[Grupo],MATCH(BD18,T_Equipos[NombreEquipo],0))) -> 1 | CF18: =IF(COUNTIFS($CE$6:$CE$53,CE18,$BC$6:$BC$53,INDEX(T_Equipos[Grupo],MATCH(BD18,T_Equipos[NombreEquipo],0)))=1,"-","P."&CE18&" ("&COUNTIFS($CE$6:$CE$53,CE18,$BC$6:$BC$53,INDEX(T_Equipos[Grupo],MATCH(BD18,T_Equipos[NombreEquipo],0)))&")") -> - | CG18: =IF($CF18="-","-",COUNTIFS(FGLocal,$BD18,Ganador,"Local",Part2Empate4V,$CF18)+COUNTIFS(FGVisitante,$BD18,Ganador,"Visitante",Part2Empate4L,$CF18)) -> - | CH18: =IF($CF18="-","-",COUNTIFS(FGLocal,$BD18,Ganador,"Empate",Part2Empate4V,$CF18)+COUNTIFS(FGVisitante,$BD18,Ganador,"Empate",Part2Empate4L,$CF18)) -> - | CI18: =IF($CF18="-","-",COUNTIFS(FGLocal,$BD18,Ganador,"Visitante",Part2Empate4V,$CF18)+COUNTIFS(FGVisitante,$BD18,Ganador,"Local",Part2Empate4L,$CF18)) -> - | CJ18: =IF($CF18="-","-",CG18*3+CH18) -> - | CK18: =CE18+COUNTIFS($CF$6:$CF$53,CF18,$CJ$6:CJ$53,">"&CJ18,$BC$6:$BC$53,INDEX(T_Equipos[Grupo],MATCH(BD18,T_Equipos[NombreEquipo],0))) -> 1 | CL18: =IF(COUNTIFS($CK$6:$CK$53,CK18,$BC$6:$BC$53,INDEX(T_Equipos[Grupo],MATCH(BD18,T_Equipos[NombreEquipo],0)))=1,"-","P."&CK18&" ("&COUNTIFS($CK$6:$CK$53,CK18,$BC$6:$BC$53,INDEX(T_Equipos[Grupo],MATCH(BD18,T_Equipos[NombreEquipo],0)))&")") -> - | CM18: =IF($CL18="-","-",SUMIFS(FG_GolesLocal,FGLocal,$BD18,Part2Empate5V,$CL18)+SUMIFS(FG_GolesVisitante,FGVisitante,$BD18,Part2Empate5L,$CL18)) -> - | CN18: =IF($CL18="-","-",SUMIFS(FG_GolesVisitante,FGLocal,$BD18,Part2Empate5V,$CL18)+SUMIFS(FG_GolesLocal,FGVisitante,$BD18,Part2Empate5L,$CL18)) -> - | CO18: =IF($CL18="-","-",CM18-CN18) -> - | CP18: =CK18+COUNTIFS($CL$6:$CL$53,CL18,$CO$6:CO$53,">"&CO18,$BC$6:$BC$53,INDEX(T_Equipos[Grupo],MATCH(BD18,T_Equipos[NombreEquipo],0))) -> 1 | CQ18: =IF(COUNTIFS($CP$6:$CP$53,CP18,$BC$6:$BC$53,INDEX(T_Equipos[Grupo],MATCH(BD18,T_Equipos[NombreEquipo],0)))=1,"-","P."&CP18&" ("&COUNTIFS($CP$6:$CP$53,CP18,$BC$6:$BC$53,INDEX(T_Equipos[Grupo],MATCH(BD18,T_Equipos[NombreEquipo],0)))&")") -> - | CR18: =IF($CQ18="-","-",SUMIFS(FG_GolesLocal,FGLocal,$BD18,Part2Empate6V,$CQ18)+SUMIFS(FG_GolesVisitante,FGVisitante,$BD18,Part2Empate6L,$CQ18)) -> - | CS18: =CP18+COUNTIFS($CQ$6:$CQ$53,CQ18,$CR$6:CR$53,">"&CR18,$BC$6:$BC$53,INDEX(T_Equipos[Grupo],MATCH(BD18,T_Equipos[NombreEquipo],0))) -> 1 | CT18: =IF(COUNTIFS($CS$6:$CS$53,CS18,$BC$6:$BC$53,INDEX(T_Equipos[Grupo],MATCH(BD18,T_Equipos[NombreEquipo],0)))=1,"-","P."&CS18&" ("&COUNTIFS($CS$6:$CS$53,CS18,$BC$6:$BC$53,INDEX(T_Equipos[Grupo],MATCH(BD18,T_Equipos[NombreEquipo],0)))&")") -> - | CU18: =IF(CT18="-","-",BL18) -> - | CV18: =CS18+COUNTIFS($CT$6:$CT$53,CT18,$CU$6:CU$53,">"&CU18,$BC$6:$BC$53,INDEX(T_Equipos[Grupo],MATCH(BD18,T_Equipos[NombreEquipo],0))) -> 1 | CW18: =IF(COUNTIFS($CV$6:$CV$53,CV18,$BC$6:$BC$53,INDEX(T_Equipos[Grupo],MATCH(BD18,T_Equipos[NombreEquipo],0)))=1,"-","P."&CV18&" ("&COUNTIFS($CV$6:$CV$53,CV18,$BC$6:$BC$53,INDEX(T_Equipos[Grupo],MATCH(BD18,T_Equipos[NombreEquipo],0)))&")") -> - | CX18: =IF(CW18="-","-",BJ18) -> - | CY18: =CV18+COUNTIFS($CW$6:$CW$53,CW18,$CX$6:CX$53,">"&CX18,$BC$6:$BC$53,INDEX(T_Equipos[Grupo],MATCH(BD18,T_Equipos[NombreEquipo],0))) -> 1 | CZ18: =IF(COUNTIFS($CY$6:$CY$53,CY18,$BC$6:$BC$53,INDEX(T_Equipos[Grupo],MATCH(BD18,T_Equipos[NombreEquipo],0)))=1,"-","P."&CY18&" ("&COUNTIFS($CY$6:$CY$53,CY18,$BC$6:$BC$53,INDEX(T_Equipos[Grupo],MATCH(BD18,T_Equipos[NombreEquipo],0)))&")") -> - | DA18: =IF(CZ18="-","-",COUNTIFS(T_Equipos[Rank],"<"&INDEX(T_Equipos[Rank],MATCH(BD18,T_Equipos[NombreEquipo],0)),$BC$6:$BC$53,INDEX(T_Equipos[Grupo],MATCH(BD18,T_Equipos[NombreEquipo],0)))+1) -> - | DB18: =CY18+COUNTIFS($CZ$6:$CZ$53,CZ18,$DA$6:DA$53,"<"&DA18,$BC$6:$BC$53,INDEX(T_Equipos[Grupo],MATCH(BD18,T_Equipos[NombreEquipo],0))) -> 1 | DD18: =IF(OR(INDEX($AW$6:$AW$97,MATCH($BD18,$AV$6:$AV$97,0))="",CZ18="-"),DB18,INDEX($AW$6:$AW$97,MATCH($BD18,$AV$6:$AV$97,0))+DB18/1000) -> 1 | DE18: =IF(CZ18="-","-",COUNTIFS(DD$6:DD$53,"<"&DD18,$BC$6:$BC$53,INDEX(T_Equipos[Grupo],MATCH(BD18,T_Equipos[NombreEquipo],0)))) -> - | DF18: =CY18+COUNTIFS(CZ$6:CZ$53,CZ18,DE$6:DE$53,"<"&DE18,$BC$6:$BC$53,INDEX(T_Equipos[Grupo],MATCH(BD18,T_Equipos[NombreEquipo],0))) -> 1 | DH18: =INDEX($CY$6:$CY$53,MATCH($DO18,$BD$6:$BD$53,0)) -> 1 | DI18: =+SUMIF($BC$6:$BC$53,BC18,$BF$6:$BF$53) -> 12 | DJ18: =IF(OR(DI18=12,$AJ$99=144),COUNTIFS($DH$6:$DH$53,DH18,$BC$6:$BC$53,BC18),1) -> 1 | DK18: =DH18&"."&DJ18 -> 1.1 | DL18: {=OFFSET(Horarios!$P$3,DH18-1,0,DJ18,1)} -> 1 | DN18: 1D | DO18: =INDEX($BD$6:$BD$53,MATCH(DN18,$BM$6:$BM$53,0)) -> Estados Unidos
X19: =X3 -> Fecha | Y19: =Y3 -> Hora | Z19: =Z3 -> Jor. | AA19: =AA3 -> Casa | AC19: =AC3 -> Gol | AD19: =AD3 -> Gol | AF19: =AF3 -> Fuera | BC19: =+INDEX(T_Equipos[Grupo],MATCH(WORLDCUP!BD19,T_Equipos[NombreEquipo],0)) -> D | BD19: =+Equipos!B15 -> Paraguay | BE19: =+BG19*3+BH19+IF($AZ$3="No",0,INDEX($AZ$6:$AZ$97,MATCH(BD19,$AY$6:$AY$97,0))) -> 4 | BF19: =+BG19+BH19+BI19 -> 3 | BG19: =+COUNTIFS(FGLocal,BD19,Ganador,"Local")+COUNTIFS(FGVisitante,BD19,Ganador,"Visitante") -> 1 | BH19: =+COUNTIFS(FGLocal,BD19,Ganador,"Empate")+COUNTIFS(FGVisitante,BD19,Ganador,"Empate") -> 1 | BI19: =+COUNTIFS(FGVisitante,BD19,Ganador,"Local")+COUNTIFS(FGLocal,BD19,Ganador,"Visitante") -> 1 | BJ19: =+SUMIFS(FG_GolesLocal,FGLocal,BD19,Ganador,"<>"&"Pendiente",FG_GolesLocal,"<>"&"",FG_GolesVisitante,"<>"&"")+SUMIFS(FG_GolesVisitante,FGVisitante,BD19,Ganador,"<>"&"Pendiente",FG_GolesLocal,"<>"&"",FG_GolesVisitante,"<>"&"") -> 2 | BK19: =+SUMIFS(FG_GolesLocal,FGVisitante,BD19,Ganador,"<>"&"Pendiente",FG_GolesLocal,"<>"&"",FG_GolesVisitante,"<>"&"")+SUMIFS(FG_GolesVisitante,FGLocal,BD19,Ganador,"<>"&"Pendiente",FG_GolesLocal,"<>"&"",FG_GolesVisitante,"<>"&"") -> 2 | BL19: =+BJ19-BK19 -> 0 | BM19: =DB19&BC19 -> 2D | BN19: =DF19&BC19 -> 2D | BP19: =+BE19 -> 4 | BQ19: =COUNTIFS($BE$6:$BE$53,">"&BE19,$BC$6:$BC$53,INDEX(T_Equipos[Grupo],MATCH(BD19,T_Equipos[NombreEquipo],0)))+1 -> 2 | BR19: =IF(COUNTIFS($BQ$6:$BQ$53,BQ19,$BC$6:$BC$53,INDEX(T_Equipos[Grupo],MATCH(BD19,T_Equipos[NombreEquipo],0)))=1,"-","P."&BQ19&" ("&COUNTIFS($BQ$6:$BQ$53,BQ19,$BC$6:$BC$53,INDEX(T_Equipos[Grupo],MATCH(BD19,T_Equipos[NombreEquipo],0)))&")") -> - | BS19: =IF($BR19="-","-",COUNTIFS(FGLocal,$BD19,Ganador,"Local",Part1Empate1V,$BR19)+COUNTIFS(FGVisitante,$BD19,Ganador,"Visitante",Part1Empate1L,$BR19)) -> - | BT19: =IF($BR19="-","-",COUNTIFS(FGLocal,$BD19,Ganador,"Empate",Part1Empate1V,$BR19)+COUNTIFS(FGVisitante,$BD19,Ganador,"Empate",Part1Empate1L,$BR19)) -> - | BU19: =IF($BR19="-","-",COUNTIFS(FGLocal,$BD19,Ganador,"Visitante",Part1Empate1V,$BR19)+COUNTIFS(FGVisitante,$BD19,Ganador,"Local",Part1Empate1L,$BR19)) -> - | BV19: =IF($BR19="-","-",BS19*3+BT19) -> - | BW19: =BQ19+COUNTIFS($BR$6:$BR$53,BR19,$BV$6:BV$53,">"&BV19,$BC$6:$BC$53,INDEX(T_Equipos[Grupo],MATCH(BD19,T_Equipos[NombreEquipo],0))) -> 2 | BX19: =IF(COUNTIFS($BW$6:$BW$53,BW19,$BC$6:$BC$53,INDEX(T_Equipos[Grupo],MATCH(BD19,T_Equipos[NombreEquipo],0)))=1,"-","P."&BW19&" ("&COUNTIFS($BW$6:$BW$53,BW19,$BC$6:$BC$53,INDEX(T_Equipos[Grupo],MATCH(BD19,T_Equipos[NombreEquipo],0)))&")") -> - | BY19: =IF($BX19="-","-",SUMIFS(FG_GolesLocal,FGLocal,$BD19,Part1Empate2V,$BX19)+SUMIFS(FG_GolesVisitante,FGVisitante,$BD19,Part1Empate2L,$BX19)) -> - | BZ19: =IF($BX19="-","-",SUMIFS(FG_GolesVisitante,FGLocal,$BD19,Part1Empate2V,$BX19)+SUMIFS(FG_GolesLocal,FGVisitante,$BD19,Part1Empate2L,$BX19)) -> - | CA19: =IF($BX19="-","-",BY19-BZ19) -> - | CB19: =BW19+COUNTIFS($BX$6:$BX$53,BX19,$CA$6:CA$53,">"&CA19,$BC$6:$BC$53,INDEX(T_Equipos[Grupo],MATCH(BD19,T_Equipos[NombreEquipo],0))) -> 2 | CC19: =IF(COUNTIFS($CB$6:$CB$53,CB19,$BC$6:$BC$53,INDEX(T_Equipos[Grupo],MATCH(BD19,T_Equipos[NombreEquipo],0)))=1,"-","P."&CB19&" ("&COUNTIFS($CB$6:$CB$53,CB19,$BC$6:$BC$53,INDEX(T_Equipos[Grupo],MATCH(BD19,T_Equipos[NombreEquipo],0)))&")") -> - | CD19: =IF($CC19="-","-",SUMIFS(FG_GolesLocal,FGLocal,$BD19,Part1Empate3V,$CC19)+SUMIFS(FG_GolesVisitante,FGVisitante,$BD19,Part1Empate3L,$CC19)) -> - | CE19: =CB19+COUNTIFS($CC$6:$CC$53,CC19,$CD$6:CD$53,">"&CD19,$BC$6:$BC$53,INDEX(T_Equipos[Grupo],MATCH(BD19,T_Equipos[NombreEquipo],0))) -> 2 | CF19: =IF(COUNTIFS($CE$6:$CE$53,CE19,$BC$6:$BC$53,INDEX(T_Equipos[Grupo],MATCH(BD19,T_Equipos[NombreEquipo],0)))=1,"-","P."&CE19&" ("&COUNTIFS($CE$6:$CE$53,CE19,$BC$6:$BC$53,INDEX(T_Equipos[Grupo],MATCH(BD19,T_Equipos[NombreEquipo],0)))&")") -> - | CG19: =IF($CF19="-","-",COUNTIFS(FGLocal,$BD19,Ganador,"Local",Part2Empate4V,$CF19)+COUNTIFS(FGVisitante,$BD19,Ganador,"Visitante",Part2Empate4L,$CF19)) -> - | CH19: =IF($CF19="-","-",COUNTIFS(FGLocal,$BD19,Ganador,"Empate",Part2Empate4V,$CF19)+COUNTIFS(FGVisitante,$BD19,Ganador,"Empate",Part2Empate4L,$CF19)) -> - | CI19: =IF($CF19="-","-",COUNTIFS(FGLocal,$BD19,Ganador,"Visitante",Part2Empate4V,$CF19)+COUNTIFS(FGVisitante,$BD19,Ganador,"Local",Part2Empate4L,$CF19)) -> - | CJ19: =IF($CF19="-","-",CG19*3+CH19) -> - | CK19: =CE19+COUNTIFS($CF$6:$CF$53,CF19,$CJ$6:CJ$53,">"&CJ19,$BC$6:$BC$53,INDEX(T_Equipos[Grupo],MATCH(BD19,T_Equipos[NombreEquipo],0))) -> 2 | CL19: =IF(COUNTIFS($CK$6:$CK$53,CK19,$BC$6:$BC$53,INDEX(T_Equipos[Grupo],MATCH(BD19,T_Equipos[NombreEquipo],0)))=1,"-","P."&CK19&" ("&COUNTIFS($CK$6:$CK$53,CK19,$BC$6:$BC$53,INDEX(T_Equipos[Grupo],MATCH(BD19,T_Equipos[NombreEquipo],0)))&")") -> - | CM19: =IF($CL19="-","-",SUMIFS(FG_GolesLocal,FGLocal,$BD19,Part2Empate5V,$CL19)+SUMIFS(FG_GolesVisitante,FGVisitante,$BD19,Part2Empate5L,$CL19)) -> - | CN19: =IF($CL19="-","-",SUMIFS(FG_GolesVisitante,FGLocal,$BD19,Part2Empate5V,$CL19)+SUMIFS(FG_GolesLocal,FGVisitante,$BD19,Part2Empate5L,$CL19)) -> - | CO19: =IF($CL19="-","-",CM19-CN19) -> - | CP19: =CK19+COUNTIFS($CL$6:$CL$53,CL19,$CO$6:CO$53,">"&CO19,$BC$6:$BC$53,INDEX(T_Equipos[Grupo],MATCH(BD19,T_Equipos[NombreEquipo],0))) -> 2 | CQ19: =IF(COUNTIFS($CP$6:$CP$53,CP19,$BC$6:$BC$53,INDEX(T_Equipos[Grupo],MATCH(BD19,T_Equipos[NombreEquipo],0)))=1,"-","P."&CP19&" ("&COUNTIFS($CP$6:$CP$53,CP19,$BC$6:$BC$53,INDEX(T_Equipos[Grupo],MATCH(BD19,T_Equipos[NombreEquipo],0)))&")") -> - | CR19: =IF($CQ19="-","-",SUMIFS(FG_GolesLocal,FGLocal,$BD19,Part2Empate6V,$CQ19)+SUMIFS(FG_GolesVisitante,FGVisitante,$BD19,Part2Empate6L,$CQ19)) -> - | CS19: =CP19+COUNTIFS($CQ$6:$CQ$53,CQ19,$CR$6:CR$53,">"&CR19,$BC$6:$BC$53,INDEX(T_Equipos[Grupo],MATCH(BD19,T_Equipos[NombreEquipo],0))) -> 2 | CT19: =IF(COUNTIFS($CS$6:$CS$53,CS19,$BC$6:$BC$53,INDEX(T_Equipos[Grupo],MATCH(BD19,T_Equipos[NombreEquipo],0)))=1,"-","P."&CS19&" ("&COUNTIFS($CS$6:$CS$53,CS19,$BC$6:$BC$53,INDEX(T_Equipos[Grupo],MATCH(BD19,T_Equipos[NombreEquipo],0)))&")") -> - | CU19: =IF(CT19="-","-",BL19) -> - | CV19: =CS19+COUNTIFS($CT$6:$CT$53,CT19,$CU$6:CU$53,">"&CU19,$BC$6:$BC$53,INDEX(T_Equipos[Grupo],MATCH(BD19,T_Equipos[NombreEquipo],0))) -> 2 | CW19: =IF(COUNTIFS($CV$6:$CV$53,CV19,$BC$6:$BC$53,INDEX(T_Equipos[Grupo],MATCH(BD19,T_Equipos[NombreEquipo],0)))=1,"-","P."&CV19&" ("&COUNTIFS($CV$6:$CV$53,CV19,$BC$6:$BC$53,INDEX(T_Equipos[Grupo],MATCH(BD19,T_Equipos[NombreEquipo],0)))&")") -> - | CX19: =IF(CW19="-","-",BJ19) -> - | CY19: =CV19+COUNTIFS($CW$6:$CW$53,CW19,$CX$6:CX$53,">"&CX19,$BC$6:$BC$53,INDEX(T_Equipos[Grupo],MATCH(BD19,T_Equipos[NombreEquipo],0))) -> 2 | CZ19: =IF(COUNTIFS($CY$6:$CY$53,CY19,$BC$6:$BC$53,INDEX(T_Equipos[Grupo],MATCH(BD19,T_Equipos[NombreEquipo],0)))=1,"-","P."&CY19&" ("&COUNTIFS($CY$6:$CY$53,CY19,$BC$6:$BC$53,INDEX(T_Equipos[Grupo],MATCH(BD19,T_Equipos[NombreEquipo],0)))&")") -> - | DA19: =IF(CZ19="-","-",COUNTIFS(T_Equipos[Rank],"<"&INDEX(T_Equipos[Rank],MATCH(BD19,T_Equipos[NombreEquipo],0)),$BC$6:$BC$53,INDEX(T_Equipos[Grupo],MATCH(BD19,T_Equipos[NombreEquipo],0)))+1) -> - | DB19: =CY19+COUNTIFS($CZ$6:$CZ$53,CZ19,$DA$6:DA$53,"<"&DA19,$BC$6:$BC$53,INDEX(T_Equipos[Grupo],MATCH(BD19,T_Equipos[NombreEquipo],0))) -> 2 | DD19: =IF(OR(INDEX($AW$6:$AW$97,MATCH($BD19,$AV$6:$AV$97,0))="",CZ19="-"),DB19,INDEX($AW$6:$AW$97,MATCH($BD19,$AV$6:$AV$97,0))+DB19/1000) -> 2 | DE19: =IF(CZ19="-","-",COUNTIFS(DD$6:DD$53,"<"&DD19,$BC$6:$BC$53,INDEX(T_Equipos[Grupo],MATCH(BD19,T_Equipos[NombreEquipo],0)))) -> - | DF19: =CY19+COUNTIFS(CZ$6:CZ$53,CZ19,DE$6:DE$53,"<"&DE19,$BC$6:$BC$53,INDEX(T_Equipos[Grupo],MATCH(BD19,T_Equipos[NombreEquipo],0))) -> 2 | DH19: =INDEX($CY$6:$CY$53,MATCH($DO19,$BD$6:$BD$53,0)) -> 2 | DI19: =+SUMIF($BC$6:$BC$53,BC19,$BF$6:$BF$53) -> 12 | DJ19: =IF(OR(DI19=12,$AJ$99=144),COUNTIFS($DH$6:$DH$53,DH19,$BC$6:$BC$53,BC19),1) -> 1 | DK19: =DH19&"."&DJ19 -> 2.1 | DL19: {=OFFSET(Horarios!$P$3,DH19-1,0,DJ19,1)} -> 2 | DN19: 2D | DO19: =INDEX($BD$6:$BD$53,MATCH(DN19,$BM$6:$BM$53,0)) -> Paraguay
A20: NombreEquipo | B20: C | C20: =COUNTIF(Equipos!$C$2:$C$49,WORLDCUP!B20) -> 4 | D20: =IF(OR(AC20="",AD20=""),"Pendiente",IF(AC20>AD20,"Local",IF(AC20<AD20,"Visitante","Empate"))) -> Local | E20: =IF(D20="Pendiente","-",INDEX($BR$6:$BR$53,MATCH($AA20,$BD$6:$BD$53,0))) -> - | F20: =IF(D20="Pendiente","-",INDEX($BR$6:$BR$53,MATCH($AF20,$BD$6:$BD$53,0))) -> - | H20: =IF(D20="Pendiente","-",INDEX($BX$6:$BX$53,MATCH($AA20,$BD$6:$BD$53,0))) -> - | I20: =IF(D20="Pendiente","-",INDEX($BX$6:$BX$53,MATCH($AF20,$BD$6:$BD$53,0))) -> - | K20: =IF(D20="Pendiente","-",INDEX($CC$6:$CC$53,MATCH($AA20,$BD$6:$BD$53,0))) -> - | L20: =IF(D20="Pendiente","-",INDEX($CC$6:$CC$53,MATCH($AF20,$BD$6:$BD$53,0))) -> - | N20: =IF(D20="Pendiente","-",INDEX($CF$6:$CF$53,MATCH($AA20,$BD$6:$BD$53,0))) -> - | O20: =IF(D20="Pendiente","-",INDEX($CF$6:$CF$53,MATCH($AF20,$BD$6:$BD$53,0))) -> - | Q20: =IF(D20="Pendiente","-",INDEX($CL$6:$CL$53,MATCH($AA20,$BD$6:$BD$53,0))) -> - | R20: =IF(D20="Pendiente","-",INDEX($CL$6:$CL$53,MATCH($AF20,$BD$6:$BD$53,0))) -> - | T20: =IF(D20="Pendiente","-",INDEX($CQ$6:$CQ$53,MATCH($AA20,$BD$6:$BD$53,0))) -> - | U20: =IF(D20="Pendiente","-",INDEX($CQ$6:$CQ$53,MATCH($AF20,$BD$6:$BD$53,0))) -> - | W20: C | X20: =Horarios!C20 -> 46187 | Y20: =Horarios!C20 -> 46187 | Z20: =$Z$4 -> J1 | AA20: =A21 -> Brasil | AB20: =+INDEX(Equipos!$L$2:$L$49,MATCH(WORLDCUP!AA20,Equipos!$K$2:$K$49,0)) -> 🇧🇷 | AC20: 2 | AD20: 1 | AE20: =+INDEX(Equipos!$L$2:$L$49,MATCH(WORLDCUP!AF20,Equipos!$K$2:$K$49,0)) -> 🇲🇦 | AF20: =A22 -> Marruecos | AG20: =IF(NOT(OR(ISBLANK(AC20),ISBLANK(AD20))),1,0) -> 1 | AH20: 5 | AJ20: =CONCATENATE(AJ3," ",B20) -> Grupo C | AV20: =IF(AU21>0,$AV$3,"") | BC20: =+INDEX(T_Equipos[Grupo],MATCH(WORLDCUP!BD20,T_Equipos[NombreEquipo],0)) -> D | BD20: =+Equipos!B16 -> Australia | BE20: =+BG20*3+BH20+IF($AZ$3="No",0,INDEX($AZ$6:$AZ$97,MATCH(BD20,$AY$6:$AY$97,0))) -> 2 | BF20: =+BG20+BH20+BI20 -> 3 | BG20: =+COUNTIFS(FGLocal,BD20,Ganador,"Local")+COUNTIFS(FGVisitante,BD20,Ganador,"Visitante") -> 0 | BH20: =+COUNTIFS(FGLocal,BD20,Ganador,"Empate")+COUNTIFS(FGVisitante,BD20,Ganador,"Empate") -> 2 | BI20: =+COUNTIFS(FGVisitante,BD20,Ganador,"Local")+COUNTIFS(FGLocal,BD20,Ganador,"Visitante") -> 1 | BJ20: =+SUMIFS(FG_GolesLocal,FGLocal,BD20,Ganador,"<>"&"Pendiente",FG_GolesLocal,"<>"&"",FG_GolesVisitante,"<>"&"")+SUMIFS(FG_GolesVisitante,FGVisitante,BD20,Ganador,"<>"&"Pendiente",FG_GolesLocal,"<>"&"",FG_GolesVisitante,"<>"&"") -> 1 | BK20: =+SUMIFS(FG_GolesLocal,FGVisitante,BD20,Ganador,"<>"&"Pendiente",FG_GolesLocal,"<>"&"",FG_GolesVisitante,"<>"&"")+SUMIFS(FG_GolesVisitante,FGLocal,BD20,Ganador,"<>"&"Pendiente",FG_GolesLocal,"<>"&"",FG_GolesVisitante,"<>"&"") -> 3 | BL20: =+BJ20-BK20 -> -2 | BM20: =DB20&BC20 -> 3D | BN20: =DF20&BC20 -> 3D | BP20: =+BE20 -> 2 | BQ20: =COUNTIFS($BE$6:$BE$53,">"&BE20,$BC$6:$BC$53,INDEX(T_Equipos[Grupo],MATCH(BD20,T_Equipos[NombreEquipo],0)))+1 -> 3 | BR20: =IF(COUNTIFS($BQ$6:$BQ$53,BQ20,$BC$6:$BC$53,INDEX(T_Equipos[Grupo],MATCH(BD20,T_Equipos[NombreEquipo],0)))=1,"-","P."&BQ20&" ("&COUNTIFS($BQ$6:$BQ$53,BQ20,$BC$6:$BC$53,INDEX(T_Equipos[Grupo],MATCH(BD20,T_Equipos[NombreEquipo],0)))&")") -> - | BS20: =IF($BR20="-","-",COUNTIFS(FGLocal,$BD20,Ganador,"Local",Part1Empate1V,$BR20)+COUNTIFS(FGVisitante,$BD20,Ganador,"Visitante",Part1Empate1L,$BR20)) -> - | BT20: =IF($BR20="-","-",COUNTIFS(FGLocal,$BD20,Ganador,"Empate",Part1Empate1V,$BR20)+COUNTIFS(FGVisitante,$BD20,Ganador,"Empate",Part1Empate1L,$BR20)) -> - | BU20: =IF($BR20="-","-",COUNTIFS(FGLocal,$BD20,Ganador,"Visitante",Part1Empate1V,$BR20)+COUNTIFS(FGVisitante,$BD20,Ganador,"Local",Part1Empate1L,$BR20)) -> - | BV20: =IF($BR20="-","-",BS20*3+BT20) -> - | BW20: =BQ20+COUNTIFS($BR$6:$BR$53,BR20,$BV$6:BV$53,">"&BV20,$BC$6:$BC$53,INDEX(T_Equipos[Grupo],MATCH(BD20,T_Equipos[NombreEquipo],0))) -> 3 | BX20: =IF(COUNTIFS($BW$6:$BW$53,BW20,$BC$6:$BC$53,INDEX(T_Equipos[Grupo],MATCH(BD20,T_Equipos[NombreEquipo],0)))=1,"-","P."&BW20&" ("&COUNTIFS($BW$6:$BW$53,BW20,$BC$6:$BC$53,INDEX(T_Equipos[Grupo],MATCH(BD20,T_Equipos[NombreEquipo],0)))&")") -> - | BY20: =IF($BX20="-","-",SUMIFS(FG_GolesLocal,FGLocal,$BD20,Part1Empate2V,$BX20)+SUMIFS(FG_GolesVisitante,FGVisitante,$BD20,Part1Empate2L,$BX20)) -> - | BZ20: =IF($BX20="-","-",SUMIFS(FG_GolesVisitante,FGLocal,$BD20,Part1Empate2V,$BX20)+SUMIFS(FG_GolesLocal,FGVisitante,$BD20,Part1Empate2L,$BX20)) -> - | CA20: =IF($BX20="-","-",BY20-BZ20) -> - | CB20: =BW20+COUNTIFS($BX$6:$BX$53,BX20,$CA$6:CA$53,">"&CA20,$BC$6:$BC$53,INDEX(T_Equipos[Grupo],MATCH(BD20,T_Equipos[NombreEquipo],0))) -> 3 | CC20: =IF(COUNTIFS($CB$6:$CB$53,CB20,$BC$6:$BC$53,INDEX(T_Equipos[Grupo],MATCH(BD20,T_Equipos[NombreEquipo],0)))=1,"-","P."&CB20&" ("&COUNTIFS($CB$6:$CB$53,CB20,$BC$6:$BC$53,INDEX(T_Equipos[Grupo],MATCH(BD20,T_Equipos[NombreEquipo],0)))&")") -> - | CD20: =IF($CC20="-","-",SUMIFS(FG_GolesLocal,FGLocal,$BD20,Part1Empate3V,$CC20)+SUMIFS(FG_GolesVisitante,FGVisitante,$BD20,Part1Empate3L,$CC20)) -> - | CE20: =CB20+COUNTIFS($CC$6:$CC$53,CC20,$CD$6:CD$53,">"&CD20,$BC$6:$BC$53,INDEX(T_Equipos[Grupo],MATCH(BD20,T_Equipos[NombreEquipo],0))) -> 3 | CF20: =IF(COUNTIFS($CE$6:$CE$53,CE20,$BC$6:$BC$53,INDEX(T_Equipos[Grupo],MATCH(BD20,T_Equipos[NombreEquipo],0)))=1,"-","P."&CE20&" ("&COUNTIFS($CE$6:$CE$53,CE20,$BC$6:$BC$53,INDEX(T_Equipos[Grupo],MATCH(BD20,T_Equipos[NombreEquipo],0)))&")") -> - | CG20: =IF($CF20="-","-",COUNTIFS(FGLocal,$BD20,Ganador,"Local",Part2Empate4V,$CF20)+COUNTIFS(FGVisitante,$BD20,Ganador,"Visitante",Part2Empate4L,$CF20)) -> - | CH20: =IF($CF20="-","-",COUNTIFS(FGLocal,$BD20,Ganador,"Empate",Part2Empate4V,$CF20)+COUNTIFS(FGVisitante,$BD20,Ganador,"Empate",Part2Empate4L,$CF20)) -> - | CI20: =IF($CF20="-","-",COUNTIFS(FGLocal,$BD20,Ganador,"Visitante",Part2Empate4V,$CF20)+COUNTIFS(FGVisitante,$BD20,Ganador,"Local",Part2Empate4L,$CF20)) -> - | CJ20: =IF($CF20="-","-",CG20*3+CH20) -> - | CK20: =CE20+COUNTIFS($CF$6:$CF$53,CF20,$CJ$6:CJ$53,">"&CJ20,$BC$6:$BC$53,INDEX(T_Equipos[Grupo],MATCH(BD20,T_Equipos[NombreEquipo],0))) -> 3 | CL20: =IF(COUNTIFS($CK$6:$CK$53,CK20,$BC$6:$BC$53,INDEX(T_Equipos[Grupo],MATCH(BD20,T_Equipos[NombreEquipo],0)))=1,"-","P."&CK20&" ("&COUNTIFS($CK$6:$CK$53,CK20,$BC$6:$BC$53,INDEX(T_Equipos[Grupo],MATCH(BD20,T_Equipos[NombreEquipo],0)))&")") -> - | CM20: =IF($CL20="-","-",SUMIFS(FG_GolesLocal,FGLocal,$BD20,Part2Empate5V,$CL20)+SUMIFS(FG_GolesVisitante,FGVisitante,$BD20,Part2Empate5L,$CL20)) -> - | CN20: =IF($CL20="-","-",SUMIFS(FG_GolesVisitante,FGLocal,$BD20,Part2Empate5V,$CL20)+SUMIFS(FG_GolesLocal,FGVisitante,$BD20,Part2Empate5L,$CL20)) -> - | CO20: =IF($CL20="-","-",CM20-CN20) -> - | CP20: =CK20+COUNTIFS($CL$6:$CL$53,CL20,$CO$6:CO$53,">"&CO20,$BC$6:$BC$53,INDEX(T_Equipos[Grupo],MATCH(BD20,T_Equipos[NombreEquipo],0))) -> 3 | CQ20: =IF(COUNTIFS($CP$6:$CP$53,CP20,$BC$6:$BC$53,INDEX(T_Equipos[Grupo],MATCH(BD20,T_Equipos[NombreEquipo],0)))=1,"-","P."&CP20&" ("&COUNTIFS($CP$6:$CP$53,CP20,$BC$6:$BC$53,INDEX(T_Equipos[Grupo],MATCH(BD20,T_Equipos[NombreEquipo],0)))&")") -> - | CR20: =IF($CQ20="-","-",SUMIFS(FG_GolesLocal,FGLocal,$BD20,Part2Empate6V,$CQ20)+SUMIFS(FG_GolesVisitante,FGVisitante,$BD20,Part2Empate6L,$CQ20)) -> - | CS20: =CP20+COUNTIFS($CQ$6:$CQ$53,CQ20,$CR$6:CR$53,">"&CR20,$BC$6:$BC$53,INDEX(T_Equipos[Grupo],MATCH(BD20,T_Equipos[NombreEquipo],0))) -> 3 | CT20: =IF(COUNTIFS($CS$6:$CS$53,CS20,$BC$6:$BC$53,INDEX(T_Equipos[Grupo],MATCH(BD20,T_Equipos[NombreEquipo],0)))=1,"-","P."&CS20&" ("&COUNTIFS($CS$6:$CS$53,CS20,$BC$6:$BC$53,INDEX(T_Equipos[Grupo],MATCH(BD20,T_Equipos[NombreEquipo],0)))&")") -> - | CU20: =IF(CT20="-","-",BL20) -> - | CV20: =CS20+COUNTIFS($CT$6:$CT$53,CT20,$CU$6:CU$53,">"&CU20,$BC$6:$BC$53,INDEX(T_Equipos[Grupo],MATCH(BD20,T_Equipos[NombreEquipo],0))) -> 3 | CW20: =IF(COUNTIFS($CV$6:$CV$53,CV20,$BC$6:$BC$53,INDEX(T_Equipos[Grupo],MATCH(BD20,T_Equipos[NombreEquipo],0)))=1,"-","P."&CV20&" ("&COUNTIFS($CV$6:$CV$53,CV20,$BC$6:$BC$53,INDEX(T_Equipos[Grupo],MATCH(BD20,T_Equipos[NombreEquipo],0)))&")") -> - | CX20: =IF(CW20="-","-",BJ20) -> - | CY20: =CV20+COUNTIFS($CW$6:$CW$53,CW20,$CX$6:CX$53,">"&CX20,$BC$6:$BC$53,INDEX(T_Equipos[Grupo],MATCH(BD20,T_Equipos[NombreEquipo],0))) -> 3 | CZ20: =IF(COUNTIFS($CY$6:$CY$53,CY20,$BC$6:$BC$53,INDEX(T_Equipos[Grupo],MATCH(BD20,T_Equipos[NombreEquipo],0)))=1,"-","P."&CY20&" ("&COUNTIFS($CY$6:$CY$53,CY20,$BC$6:$BC$53,INDEX(T_Equipos[Grupo],MATCH(BD20,T_Equipos[NombreEquipo],0)))&")") -> - | DA20: =IF(CZ20="-","-",COUNTIFS(T_Equipos[Rank],"<"&INDEX(T_Equipos[Rank],MATCH(BD20,T_Equipos[NombreEquipo],0)),$BC$6:$BC$53,INDEX(T_Equipos[Grupo],MATCH(BD20,T_Equipos[NombreEquipo],0)))+1) -> - | DB20: =CY20+COUNTIFS($CZ$6:$CZ$53,CZ20,$DA$6:DA$53,"<"&DA20,$BC$6:$BC$53,INDEX(T_Equipos[Grupo],MATCH(BD20,T_Equipos[NombreEquipo],0))) -> 3 | DD20: =IF(OR(INDEX($AW$6:$AW$97,MATCH($BD20,$AV$6:$AV$97,0))="",CZ20="-"),DB20,INDEX($AW$6:$AW$97,MATCH($BD20,$AV$6:$AV$97,0))+DB20/1000) -> 3 | DE20: =IF(CZ20="-","-",COUNTIFS(DD$6:DD$53,"<"&DD20,$BC$6:$BC$53,INDEX(T_Equipos[Grupo],MATCH(BD20,T_Equipos[NombreEquipo],0)))) -> - | DF20: =CY20+COUNTIFS(CZ$6:CZ$53,CZ20,DE$6:DE$53,"<"&DE20,$BC$6:$BC$53,INDEX(T_Equipos[Grupo],MATCH(BD20,T_Equipos[NombreEquipo],0))) -> 3 | DH20: =INDEX($CY$6:$CY$53,MATCH($DO20,$BD$6:$BD$53,0)) -> 3 | DI20: =+SUMIF($BC$6:$BC$53,BC20,$BF$6:$BF$53) -> 12 | DJ20: =IF(OR(DI20=12,$AJ$99=144),COUNTIFS($DH$6:$DH$53,DH20,$BC$6:$BC$53,BC20),1) -> 1 | DK20: =DH20&"."&DJ20 -> 3.1 | DL20: {=OFFSET(Horarios!$P$3,DH20-1,0,DJ20,1)} -> 3 | DN20: 3D | DO20: =INDEX($BD$6:$BD$53,MATCH(DN20,$BM$6:$BM$53,0)) -> Australia
A21: =+Equipos!B10 -> Brasil | D21: =IF(OR(AC21="",AD21=""),"Pendiente",IF(AC21>AD21,"Local",IF(AC21<AD21,"Visitante","Empate"))) -> Visitante | E21: =IF(D21="Pendiente","-",INDEX($BR$6:$BR$53,MATCH($AA21,$BD$6:$BD$53,0))) -> - | F21: =IF(D21="Pendiente","-",INDEX($BR$6:$BR$53,MATCH($AF21,$BD$6:$BD$53,0))) -> - | H21: =IF(D21="Pendiente","-",INDEX($BX$6:$BX$53,MATCH($AA21,$BD$6:$BD$53,0))) -> - | I21: =IF(D21="Pendiente","-",INDEX($BX$6:$BX$53,MATCH($AF21,$BD$6:$BD$53,0))) -> - | K21: =IF(D21="Pendiente","-",INDEX($CC$6:$CC$53,MATCH($AA21,$BD$6:$BD$53,0))) -> - | L21: =IF(D21="Pendiente","-",INDEX($CC$6:$CC$53,MATCH($AF21,$BD$6:$BD$53,0))) -> - | N21: =IF(D21="Pendiente","-",INDEX($CF$6:$CF$53,MATCH($AA21,$BD$6:$BD$53,0))) -> - | O21: =IF(D21="Pendiente","-",INDEX($CF$6:$CF$53,MATCH($AF21,$BD$6:$BD$53,0))) -> - | Q21: =IF(D21="Pendiente","-",INDEX($CL$6:$CL$53,MATCH($AA21,$BD$6:$BD$53,0))) -> - | R21: =IF(D21="Pendiente","-",INDEX($CL$6:$CL$53,MATCH($AF21,$BD$6:$BD$53,0))) -> - | T21: =IF(D21="Pendiente","-",INDEX($CQ$6:$CQ$53,MATCH($AA21,$BD$6:$BD$53,0))) -> - | U21: =IF(D21="Pendiente","-",INDEX($CQ$6:$CQ$53,MATCH($AF21,$BD$6:$BD$53,0))) -> - | X21: =Horarios!C21 -> 46187.125 | Y21: =Horarios!C21 -> 46187.125 | Z21: =$Z$4 -> J1 | AA21: =A23 -> Haití | AB21: =+INDEX(Equipos!$L$2:$L$49,MATCH(WORLDCUP!AA21,Equipos!$K$2:$K$49,0)) -> 🇭🇹 | AC21: 0 | AD21: 2 | AE21: =+INDEX(Equipos!$L$2:$L$49,MATCH(WORLDCUP!AF21,Equipos!$K$2:$K$49,0)) -> 🏴󠁧󠁢󠁳󠁣󠁴󠁿 | AF21: =A24 -> Escocia | AG21: =IF(NOT(OR(ISBLANK(AC21),ISBLANK(AD21))),1,0) -> 1 | AH21: 7 | AJ21: =AJ5 -> Pos | AL21: =AL5 -> Selección | AM21: =AM5 -> Pts | AN21: =AN5 -> J | AO21: =AO5 -> G | AP21: =AP5 -> E | AQ21: =AQ5 -> P | AR21: =AR5 -> GF | AS21: =AS5 -> GC | AT21: =AT5 -> DG | AU21: =COUNTIF(AU22:AU25,">1") -> 0 | AY21: =AL21 -> Selección | AZ21: =+Idiomas!$D$67 -> Puntos penalizados | BC21: =+INDEX(T_Equipos[Grupo],MATCH(WORLDCUP!BD21,T_Equipos[NombreEquipo],0)) -> D | BD21: =+Equipos!B17 -> PO C: TUR/ROU/SVK/KOS | BE21: =+BG21*3+BH21+IF($AZ$3="No",0,INDEX($AZ$6:$AZ$97,MATCH(BD21,$AY$6:$AY$97,0))) -> 1 | BF21: =+BG21+BH21+BI21 -> 3 | BG21: =+COUNTIFS(FGLocal,BD21,Ganador,"Local")+COUNTIFS(FGVisitante,BD21,Ganador,"Visitante") -> 0 | BH21: =+COUNTIFS(FGLocal,BD21,Ganador,"Empate")+COUNTIFS(FGVisitante,BD21,Ganador,"Empate") -> 1 | BI21: =+COUNTIFS(FGVisitante,BD21,Ganador,"Local")+COUNTIFS(FGLocal,BD21,Ganador,"Visitante") -> 2 | BJ21: =+SUMIFS(FG_GolesLocal,FGLocal,BD21,Ganador,"<>"&"Pendiente",FG_GolesLocal,"<>"&"",FG_GolesVisitante,"<>"&"")+SUMIFS(FG_GolesVisitante,FGVisitante,BD21,Ganador,"<>"&"Pendiente",FG_GolesLocal,"<>"&"",FG_GolesVisitante,"<>"&"") -> 0 | BK21: =+SUMIFS(FG_GolesLocal,FGVisitante,BD21,Ganador,"<>"&"Pendiente",FG_GolesLocal,"<>"&"",FG_GolesVisitante,"<>"&"")+SUMIFS(FG_GolesVisitante,FGLocal,BD21,Ganador,"<>"&"Pendiente",FG_GolesLocal,"<>"&"",FG_GolesVisitante,"<>"&"") -> 2 | BL21: =+BJ21-BK21 -> -2 | BM21: =DB21&BC21 -> 4D | BN21: =DF21&BC21 -> 4D | BP21: =+BE21 -> 1 | BQ21: =COUNTIFS($BE$6:$BE$53,">"&BE21,$BC$6:$BC$53,INDEX(T_Equipos[Grupo],MATCH(BD21,T_Equipos[NombreEquipo],0)))+1 -> 4 | BR21: =IF(COUNTIFS($BQ$6:$BQ$53,BQ21,$BC$6:$BC$53,INDEX(T_Equipos[Grupo],MATCH(BD21,T_Equipos[NombreEquipo],0)))=1,"-","P."&BQ21&" ("&COUNTIFS($BQ$6:$BQ$53,BQ21,$BC$6:$BC$53,INDEX(T_Equipos[Grupo],MATCH(BD21,T_Equipos[NombreEquipo],0)))&")") -> - | BS21: =IF($BR21="-","-",COUNTIFS(FGLocal,$BD21,Ganador,"Local",Part1Empate1V,$BR21)+COUNTIFS(FGVisitante,$BD21,Ganador,"Visitante",Part1Empate1L,$BR21)) -> - | BT21: =IF($BR21="-","-",COUNTIFS(FGLocal,$BD21,Ganador,"Empate",Part1Empate1V,$BR21)+COUNTIFS(FGVisitante,$BD21,Ganador,"Empate",Part1Empate1L,$BR21)) -> - | BU21: =IF($BR21="-","-",COUNTIFS(FGLocal,$BD21,Ganador,"Visitante",Part1Empate1V,$BR21)+COUNTIFS(FGVisitante,$BD21,Ganador,"Local",Part1Empate1L,$BR21)) -> - | BV21: =IF($BR21="-","-",BS21*3+BT21) -> - | BW21: =BQ21+COUNTIFS($BR$6:$BR$53,BR21,$BV$6:BV$53,">"&BV21,$BC$6:$BC$53,INDEX(T_Equipos[Grupo],MATCH(BD21,T_Equipos[NombreEquipo],0))) -> 4 | BX21: =IF(COUNTIFS($BW$6:$BW$53,BW21,$BC$6:$BC$53,INDEX(T_Equipos[Grupo],MATCH(BD21,T_Equipos[NombreEquipo],0)))=1,"-","P."&BW21&" ("&COUNTIFS($BW$6:$BW$53,BW21,$BC$6:$BC$53,INDEX(T_Equipos[Grupo],MATCH(BD21,T_Equipos[NombreEquipo],0)))&")") -> - | BY21: =IF($BX21="-","-",SUMIFS(FG_GolesLocal,FGLocal,$BD21,Part1Empate2V,$BX21)+SUMIFS(FG_GolesVisitante,FGVisitante,$BD21,Part1Empate2L,$BX21)) -> - | BZ21: =IF($BX21="-","-",SUMIFS(FG_GolesVisitante,FGLocal,$BD21,Part1Empate2V,$BX21)+SUMIFS(FG_GolesLocal,FGVisitante,$BD21,Part1Empate2L,$BX21)) -> - | CA21: =IF($BX21="-","-",BY21-BZ21) -> - | CB21: =BW21+COUNTIFS($BX$6:$BX$53,BX21,$CA$6:CA$53,">"&CA21,$BC$6:$BC$53,INDEX(T_Equipos[Grupo],MATCH(BD21,T_Equipos[NombreEquipo],0))) -> 4 | CC21: =IF(COUNTIFS($CB$6:$CB$53,CB21,$BC$6:$BC$53,INDEX(T_Equipos[Grupo],MATCH(BD21,T_Equipos[NombreEquipo],0)))=1,"-","P."&CB21&" ("&COUNTIFS($CB$6:$CB$53,CB21,$BC$6:$BC$53,INDEX(T_Equipos[Grupo],MATCH(BD21,T_Equipos[NombreEquipo],0)))&")") -> - | CD21: =IF($CC21="-","-",SUMIFS(FG_GolesLocal,FGLocal,$BD21,Part1Empate3V,$CC21)+SUMIFS(FG_GolesVisitante,FGVisitante,$BD21,Part1Empate3L,$CC21)) -> - | CE21: =CB21+COUNTIFS($CC$6:$CC$53,CC21,$CD$6:CD$53,">"&CD21,$BC$6:$BC$53,INDEX(T_Equipos[Grupo],MATCH(BD21,T_Equipos[NombreEquipo],0))) -> 4 | CF21: =IF(COUNTIFS($CE$6:$CE$53,CE21,$BC$6:$BC$53,INDEX(T_Equipos[Grupo],MATCH(BD21,T_Equipos[NombreEquipo],0)))=1,"-","P."&CE21&" ("&COUNTIFS($CE$6:$CE$53,CE21,$BC$6:$BC$53,INDEX(T_Equipos[Grupo],MATCH(BD21,T_Equipos[NombreEquipo],0)))&")") -> - | CG21: =IF($CF21="-","-",COUNTIFS(FGLocal,$BD21,Ganador,"Local",Part2Empate4V,$CF21)+COUNTIFS(FGVisitante,$BD21,Ganador,"Visitante",Part2Empate4L,$CF21)) -> - | CH21: =IF($CF21="-","-",COUNTIFS(FGLocal,$BD21,Ganador,"Empate",Part2Empate4V,$CF21)+COUNTIFS(FGVisitante,$BD21,Ganador,"Empate",Part2Empate4L,$CF21)) -> - | CI21: =IF($CF21="-","-",COUNTIFS(FGLocal,$BD21,Ganador,"Visitante",Part2Empate4V,$CF21)+COUNTIFS(FGVisitante,$BD21,Ganador,"Local",Part2Empate4L,$CF21)) -> - | CJ21: =IF($CF21="-","-",CG21*3+CH21) -> - | CK21: =CE21+COUNTIFS($CF$6:$CF$53,CF21,$CJ$6:CJ$53,">"&CJ21,$BC$6:$BC$53,INDEX(T_Equipos[Grupo],MATCH(BD21,T_Equipos[NombreEquipo],0))) -> 4 | CL21: =IF(COUNTIFS($CK$6:$CK$53,CK21,$BC$6:$BC$53,INDEX(T_Equipos[Grupo],MATCH(BD21,T_Equipos[NombreEquipo],0)))=1,"-","P."&CK21&" ("&COUNTIFS($CK$6:$CK$53,CK21,$BC$6:$BC$53,INDEX(T_Equipos[Grupo],MATCH(BD21,T_Equipos[NombreEquipo],0)))&")") -> - | CM21: =IF($CL21="-","-",SUMIFS(FG_GolesLocal,FGLocal,$BD21,Part2Empate5V,$CL21)+SUMIFS(FG_GolesVisitante,FGVisitante,$BD21,Part2Empate5L,$CL21)) -> - | CN21: =IF($CL21="-","-",SUMIFS(FG_GolesVisitante,FGLocal,$BD21,Part2Empate5V,$CL21)+SUMIFS(FG_GolesLocal,FGVisitante,$BD21,Part2Empate5L,$CL21)) -> - | CO21: =IF($CL21="-","-",CM21-CN21) -> - | CP21: =CK21+COUNTIFS($CL$6:$CL$53,CL21,$CO$6:CO$53,">"&CO21,$BC$6:$BC$53,INDEX(T_Equipos[Grupo],MATCH(BD21,T_Equipos[NombreEquipo],0))) -> 4 | CQ21: =IF(COUNTIFS($CP$6:$CP$53,CP21,$BC$6:$BC$53,INDEX(T_Equipos[Grupo],MATCH(BD21,T_Equipos[NombreEquipo],0)))=1,"-","P."&CP21&" ("&COUNTIFS($CP$6:$CP$53,CP21,$BC$6:$BC$53,INDEX(T_Equipos[Grupo],MATCH(BD21,T_Equipos[NombreEquipo],0)))&")") -> - | CR21: =IF($CQ21="-","-",SUMIFS(FG_GolesLocal,FGLocal,$BD21,Part2Empate6V,$CQ21)+SUMIFS(FG_GolesVisitante,FGVisitante,$BD21,Part2Empate6L,$CQ21)) -> - | CS21: =CP21+COUNTIFS($CQ$6:$CQ$53,CQ21,$CR$6:CR$53,">"&CR21,$BC$6:$BC$53,INDEX(T_Equipos[Grupo],MATCH(BD21,T_Equipos[NombreEquipo],0))) -> 4 | CT21: =IF(COUNTIFS($CS$6:$CS$53,CS21,$BC$6:$BC$53,INDEX(T_Equipos[Grupo],MATCH(BD21,T_Equipos[NombreEquipo],0)))=1,"-","P."&CS21&" ("&COUNTIFS($CS$6:$CS$53,CS21,$BC$6:$BC$53,INDEX(T_Equipos[Grupo],MATCH(BD21,T_Equipos[NombreEquipo],0)))&")") -> - | CU21: =IF(CT21="-","-",BL21) -> - | CV21: =CS21+COUNTIFS($CT$6:$CT$53,CT21,$CU$6:CU$53,">"&CU21,$BC$6:$BC$53,INDEX(T_Equipos[Grupo],MATCH(BD21,T_Equipos[NombreEquipo],0))) -> 4 | CW21: =IF(COUNTIFS($CV$6:$CV$53,CV21,$BC$6:$BC$53,INDEX(T_Equipos[Grupo],MATCH(BD21,T_Equipos[NombreEquipo],0)))=1,"-","P."&CV21&" ("&COUNTIFS($CV$6:$CV$53,CV21,$BC$6:$BC$53,INDEX(T_Equipos[Grupo],MATCH(BD21,T_Equipos[NombreEquipo],0)))&")") -> - | CX21: =IF(CW21="-","-",BJ21) -> - | CY21: =CV21+COUNTIFS($CW$6:$CW$53,CW21,$CX$6:CX$53,">"&CX21,$BC$6:$BC$53,INDEX(T_Equipos[Grupo],MATCH(BD21,T_Equipos[NombreEquipo],0))) -> 4 | CZ21: =IF(COUNTIFS($CY$6:$CY$53,CY21,$BC$6:$BC$53,INDEX(T_Equipos[Grupo],MATCH(BD21,T_Equipos[NombreEquipo],0)))=1,"-","P."&CY21&" ("&COUNTIFS($CY$6:$CY$53,CY21,$BC$6:$BC$53,INDEX(T_Equipos[Grupo],MATCH(BD21,T_Equipos[NombreEquipo],0)))&")") -> - | DA21: =IF(CZ21="-","-",COUNTIFS(T_Equipos[Rank],"<"&INDEX(T_Equipos[Rank],MATCH(BD21,T_Equipos[NombreEquipo],0)),$BC$6:$BC$53,INDEX(T_Equipos[Grupo],MATCH(BD21,T_Equipos[NombreEquipo],0)))+1) -> - | DB21: =CY21+COUNTIFS($CZ$6:$CZ$53,CZ21,$DA$6:DA$53,"<"&DA21,$BC$6:$BC$53,INDEX(T_Equipos[Grupo],MATCH(BD21,T_Equipos[NombreEquipo],0))) -> 4 | DD21: =IF(OR(INDEX($AW$6:$AW$97,MATCH($BD21,$AV$6:$AV$97,0))="",CZ21="-"),DB21,INDEX($AW$6:$AW$97,MATCH($BD21,$AV$6:$AV$97,0))+DB21/1000) -> 4 | DE21: =IF(CZ21="-","-",COUNTIFS(DD$6:DD$53,"<"&DD21,$BC$6:$BC$53,INDEX(T_Equipos[Grupo],MATCH(BD21,T_Equipos[NombreEquipo],0)))) -> - | DF21: =CY21+COUNTIFS(CZ$6:CZ$53,CZ21,DE$6:DE$53,"<"&DE21,$BC$6:$BC$53,INDEX(T_Equipos[Grupo],MATCH(BD21,T_Equipos[NombreEquipo],0))) -> 4 | DH21: =INDEX($CY$6:$CY$53,MATCH($DO21,$BD$6:$BD$53,0)) -> 4 | DI21: =+SUMIF($BC$6:$BC$53,BC21,$BF$6:$BF$53) -> 12 | DJ21: =IF(OR(DI21=12,$AJ$99=144),COUNTIFS($DH$6:$DH$53,DH21,$BC$6:$BC$53,BC21),1) -> 1 | DK21: =DH21&"."&DJ21 -> 4.1 | DL21: {=OFFSET(Horarios!$P$3,DH21-1,0,DJ21,1)} -> 4 | DN21: 4D | DO21: =INDEX($BD$6:$BD$53,MATCH(DN21,$BM$6:$BM$53,0)) -> PO C: TUR/ROU/SVK/KOS
A22: =+Equipos!B11 -> Marruecos | D22: =IF(OR(AC22="",AD22=""),"Pendiente",IF(AC22>AD22,"Local",IF(AC22<AD22,"Visitante","Empate"))) -> Visitante | E22: =IF(D22="Pendiente","-",INDEX($BR$6:$BR$53,MATCH($AA22,$BD$6:$BD$53,0))) -> - | F22: =IF(D22="Pendiente","-",INDEX($BR$6:$BR$53,MATCH($AF22,$BD$6:$BD$53,0))) -> - | H22: =IF(D22="Pendiente","-",INDEX($BX$6:$BX$53,MATCH($AA22,$BD$6:$BD$53,0))) -> - | I22: =IF(D22="Pendiente","-",INDEX($BX$6:$BX$53,MATCH($AF22,$BD$6:$BD$53,0))) -> - | K22: =IF(D22="Pendiente","-",INDEX($CC$6:$CC$53,MATCH($AA22,$BD$6:$BD$53,0))) -> - | L22: =IF(D22="Pendiente","-",INDEX($CC$6:$CC$53,MATCH($AF22,$BD$6:$BD$53,0))) -> - | N22: =IF(D22="Pendiente","-",INDEX($CF$6:$CF$53,MATCH($AA22,$BD$6:$BD$53,0))) -> - | O22: =IF(D22="Pendiente","-",INDEX($CF$6:$CF$53,MATCH($AF22,$BD$6:$BD$53,0))) -> - | Q22: =IF(D22="Pendiente","-",INDEX($CL$6:$CL$53,MATCH($AA22,$BD$6:$BD$53,0))) -> - | R22: =IF(D22="Pendiente","-",INDEX($CL$6:$CL$53,MATCH($AF22,$BD$6:$BD$53,0))) -> - | T22: =IF(D22="Pendiente","-",INDEX($CQ$6:$CQ$53,MATCH($AA22,$BD$6:$BD$53,0))) -> - | U22: =IF(D22="Pendiente","-",INDEX($CQ$6:$CQ$53,MATCH($AF22,$BD$6:$BD$53,0))) -> - | X22: =Horarios!C22 -> 46193 | Y22: =Horarios!C22 -> 46193 | Z22: =$Z$6 -> J2 | AA22: =A24 -> Escocia | AB22: =+INDEX(Equipos!$L$2:$L$49,MATCH(WORLDCUP!AA22,Equipos!$K$2:$K$49,0)) -> 🏴󠁧󠁢󠁳󠁣󠁴󠁿 | AC22: 0 | AD22: 1 | AE22: =+INDEX(Equipos!$L$2:$L$49,MATCH(WORLDCUP!AF22,Equipos!$K$2:$K$49,0)) -> 🇲🇦 | AF22: =A22 -> Marruecos | AG22: =IF(NOT(OR(ISBLANK(AC22),ISBLANK(AD22))),1,0) -> 1 | AH22: 29 | AI22: =AJ22&$B$20 -> 1C | AJ22: 1 | AK22: =+INDEX(Equipos!$L$2:$L$49,MATCH(WORLDCUP!AL22,Equipos!$K$2:$K$49,0)) -> 🇧🇷 | AL22: =IFERROR(INDEX($BD$6:$BD$53,MATCH(AI22,$BN$6:$BN$53,0)),"") -> Brasil | AM22: =INDEX($BE$6:$BN$53,MATCH($AL22,$BD$6:$BD$53,0),MATCH(AM$5,$BE$5:$BN$5,0)) -> 9 | AN22: =INDEX($BE$6:$BN$53,MATCH($AL22,$BD$6:$BD$53,0),MATCH(AN$5,$BE$5:$BN$5,0)) -> 3 | AO22: =INDEX($BE$6:$BN$53,MATCH($AL22,$BD$6:$BD$53,0),MATCH(AO$5,$BE$5:$BN$5,0)) -> 3 | AP22: =INDEX($BE$6:$BN$53,MATCH($AL22,$BD$6:$BD$53,0),MATCH(AP$5,$BE$5:$BN$5,0)) -> 0 | AQ22: =INDEX($BE$6:$BN$53,MATCH($AL22,$BD$6:$BD$53,0),MATCH(AQ$5,$BE$5:$BN$5,0)) -> 0 | AR22: =INDEX($BE$6:$BN$53,MATCH($AL22,$BD$6:$BD$53,0),MATCH(AR$5,$BE$5:$BN$5,0)) -> 6 | AS22: =INDEX($BE$6:$BN$53,MATCH($AL22,$BD$6:$BD$53,0),MATCH(AS$5,$BE$5:$BN$5,0)) -> 2 | AT22: =INDEX($BE$6:$BN$53,MATCH($AL22,$BD$6:$BD$53,0),MATCH(AT$5,$BE$5:$BN$5,0)) -> 4 | AU22: =INDEX($DJ$6:$DJ$53,MATCH(AI22,$DN$6:$DN$53,0)) -> 1 | AV22: =INDEX($BD$6:$BD$53,MATCH(AI22,$BM$6:$BM$53,0)) -> Brasil | AW22: 4 | AY22: =+A21 -> Brasil | BC22: =+INDEX(T_Equipos[Grupo],MATCH(WORLDCUP!BD22,T_Equipos[NombreEquipo],0)) -> E | BD22: =+Equipos!B18 -> Alemania | BE22: =+BG22*3+BH22+IF($AZ$3="No",0,INDEX($AZ$6:$AZ$97,MATCH(BD22,$AY$6:$AY$97,0))) -> 9 | BF22: =+BG22+BH22+BI22 -> 3 | BG22: =+COUNTIFS(FGLocal,BD22,Ganador,"Local")+COUNTIFS(FGVisitante,BD22,Ganador,"Visitante") -> 3 | BH22: =+COUNTIFS(FGLocal,BD22,Ganador,"Empate")+COUNTIFS(FGVisitante,BD22,Ganador,"Empate") -> 0 | BI22: =+COUNTIFS(FGVisitante,BD22,Ganador,"Local")+COUNTIFS(FGLocal,BD22,Ganador,"Visitante") -> 0 | BJ22: =+SUMIFS(FG_GolesLocal,FGLocal,BD22,Ganador,"<>"&"Pendiente",FG_GolesLocal,"<>"&"",FG_GolesVisitante,"<>"&"")+SUMIFS(FG_GolesVisitante,FGVisitante,BD22,Ganador,"<>"&"Pendiente",FG_GolesLocal,"<>"&"",FG_GolesVisitante,"<>"&"") -> 8 | BK22: =+SUMIFS(FG_GolesLocal,FGVisitante,BD22,Ganador,"<>"&"Pendiente",FG_GolesLocal,"<>"&"",FG_GolesVisitante,"<>"&"")+SUMIFS(FG_GolesVisitante,FGLocal,BD22,Ganador,"<>"&"Pendiente",FG_GolesLocal,"<>"&"",FG_GolesVisitante,"<>"&"") -> 1 | BL22: =+BJ22-BK22 -> 7 | BM22: =DB22&BC22 -> 1E | BN22: =DF22&BC22 -> 1E | BP22: =+BE22 -> 9 | BQ22: =COUNTIFS($BE$6:$BE$53,">"&BE22,$BC$6:$BC$53,INDEX(T_Equipos[Grupo],MATCH(BD22,T_Equipos[NombreEquipo],0)))+1 -> 1 | BR22: =IF(COUNTIFS($BQ$6:$BQ$53,BQ22,$BC$6:$BC$53,INDEX(T_Equipos[Grupo],MATCH(BD22,T_Equipos[NombreEquipo],0)))=1,"-","P."&BQ22&" ("&COUNTIFS($BQ$6:$BQ$53,BQ22,$BC$6:$BC$53,INDEX(T_Equipos[Grupo],MATCH(BD22,T_Equipos[NombreEquipo],0)))&")") -> - | BS22: =IF($BR22="-","-",COUNTIFS(FGLocal,$BD22,Ganador,"Local",Part1Empate1V,$BR22)+COUNTIFS(FGVisitante,$BD22,Ganador,"Visitante",Part1Empate1L,$BR22)) -> - | BT22: =IF($BR22="-","-",COUNTIFS(FGLocal,$BD22,Ganador,"Empate",Part1Empate1V,$BR22)+COUNTIFS(FGVisitante,$BD22,Ganador,"Empate",Part1Empate1L,$BR22)) -> - | BU22: =IF($BR22="-","-",COUNTIFS(FGLocal,$BD22,Ganador,"Visitante",Part1Empate1V,$BR22)+COUNTIFS(FGVisitante,$BD22,Ganador,"Local",Part1Empate1L,$BR22)) -> - | BV22: =IF($BR22="-","-",BS22*3+BT22) -> - | BW22: =BQ22+COUNTIFS($BR$6:$BR$53,BR22,$BV$6:BV$53,">"&BV22,$BC$6:$BC$53,INDEX(T_Equipos[Grupo],MATCH(BD22,T_Equipos[NombreEquipo],0))) -> 1 | BX22: =IF(COUNTIFS($BW$6:$BW$53,BW22,$BC$6:$BC$53,INDEX(T_Equipos[Grupo],MATCH(BD22,T_Equipos[NombreEquipo],0)))=1,"-","P."&BW22&" ("&COUNTIFS($BW$6:$BW$53,BW22,$BC$6:$BC$53,INDEX(T_Equipos[Grupo],MATCH(BD22,T_Equipos[NombreEquipo],0)))&")") -> - | BY22: =IF($BX22="-","-",SUMIFS(FG_GolesLocal,FGLocal,$BD22,Part1Empate2V,$BX22)+SUMIFS(FG_GolesVisitante,FGVisitante,$BD22,Part1Empate2L,$BX22)) -> - | BZ22: =IF($BX22="-","-",SUMIFS(FG_GolesVisitante,FGLocal,$BD22,Part1Empate2V,$BX22)+SUMIFS(FG_GolesLocal,FGVisitante,$BD22,Part1Empate2L,$BX22)) -> - | CA22: =IF($BX22="-","-",BY22-BZ22) -> - | CB22: =BW22+COUNTIFS($BX$6:$BX$53,BX22,$CA$6:CA$53,">"&CA22,$BC$6:$BC$53,INDEX(T_Equipos[Grupo],MATCH(BD22,T_Equipos[NombreEquipo],0))) -> 1 | CC22: =IF(COUNTIFS($CB$6:$CB$53,CB22,$BC$6:$BC$53,INDEX(T_Equipos[Grupo],MATCH(BD22,T_Equipos[NombreEquipo],0)))=1,"-","P."&CB22&" ("&COUNTIFS($CB$6:$CB$53,CB22,$BC$6:$BC$53,INDEX(T_Equipos[Grupo],MATCH(BD22,T_Equipos[NombreEquipo],0)))&")") -> - | CD22: =IF($CC22="-","-",SUMIFS(FG_GolesLocal,FGLocal,$BD22,Part1Empate3V,$CC22)+SUMIFS(FG_GolesVisitante,FGVisitante,$BD22,Part1Empate3L,$CC22)) -> - | CE22: =CB22+COUNTIFS($CC$6:$CC$53,CC22,$CD$6:CD$53,">"&CD22,$BC$6:$BC$53,INDEX(T_Equipos[Grupo],MATCH(BD22,T_Equipos[NombreEquipo],0))) -> 1 | CF22: =IF(COUNTIFS($CE$6:$CE$53,CE22,$BC$6:$BC$53,INDEX(T_Equipos[Grupo],MATCH(BD22,T_Equipos[NombreEquipo],0)))=1,"-","P."&CE22&" ("&COUNTIFS($CE$6:$CE$53,CE22,$BC$6:$BC$53,INDEX(T_Equipos[Grupo],MATCH(BD22,T_Equipos[NombreEquipo],0)))&")") -> - | CG22: =IF($CF22="-","-",COUNTIFS(FGLocal,$BD22,Ganador,"Local",Part2Empate4V,$CF22)+COUNTIFS(FGVisitante,$BD22,Ganador,"Visitante",Part2Empate4L,$CF22)) -> - | CH22: =IF($CF22="-","-",COUNTIFS(FGLocal,$BD22,Ganador,"Empate",Part2Empate4V,$CF22)+COUNTIFS(FGVisitante,$BD22,Ganador,"Empate",Part2Empate4L,$CF22)) -> - | CI22: =IF($CF22="-","-",COUNTIFS(FGLocal,$BD22,Ganador,"Visitante",Part2Empate4V,$CF22)+COUNTIFS(FGVisitante,$BD22,Ganador,"Local",Part2Empate4L,$CF22)) -> - | CJ22: =IF($CF22="-","-",CG22*3+CH22) -> - | CK22: =CE22+COUNTIFS($CF$6:$CF$53,CF22,$CJ$6:CJ$53,">"&CJ22,$BC$6:$BC$53,INDEX(T_Equipos[Grupo],MATCH(BD22,T_Equipos[NombreEquipo],0))) -> 1 | CL22: =IF(COUNTIFS($CK$6:$CK$53,CK22,$BC$6:$BC$53,INDEX(T_Equipos[Grupo],MATCH(BD22,T_Equipos[NombreEquipo],0)))=1,"-","P."&CK22&" ("&COUNTIFS($CK$6:$CK$53,CK22,$BC$6:$BC$53,INDEX(T_Equipos[Grupo],MATCH(BD22,T_Equipos[NombreEquipo],0)))&")") -> - | CM22: =IF($CL22="-","-",SUMIFS(FG_GolesLocal,FGLocal,$BD22,Part2Empate5V,$CL22)+SUMIFS(FG_GolesVisitante,FGVisitante,$BD22,Part2Empate5L,$CL22)) -> - | CN22: =IF($CL22="-","-",SUMIFS(FG_GolesVisitante,FGLocal,$BD22,Part2Empate5V,$CL22)+SUMIFS(FG_GolesLocal,FGVisitante,$BD22,Part2Empate5L,$CL22)) -> - | CO22: =IF($CL22="-","-",CM22-CN22) -> - | CP22: =CK22+COUNTIFS($CL$6:$CL$53,CL22,$CO$6:CO$53,">"&CO22,$BC$6:$BC$53,INDEX(T_Equipos[Grupo],MATCH(BD22,T_Equipos[NombreEquipo],0))) -> 1 | CQ22: =IF(COUNTIFS($CP$6:$CP$53,CP22,$BC$6:$BC$53,INDEX(T_Equipos[Grupo],MATCH(BD22,T_Equipos[NombreEquipo],0)))=1,"-","P."&CP22&" ("&COUNTIFS($CP$6:$CP$53,CP22,$BC$6:$BC$53,INDEX(T_Equipos[Grupo],MATCH(BD22,T_Equipos[NombreEquipo],0)))&")") -> - | CR22: =IF($CQ22="-","-",SUMIFS(FG_GolesLocal,FGLocal,$BD22,Part2Empate6V,$CQ22)+SUMIFS(FG_GolesVisitante,FGVisitante,$BD22,Part2Empate6L,$CQ22)) -> - | CS22: =CP22+COUNTIFS($CQ$6:$CQ$53,CQ22,$CR$6:CR$53,">"&CR22,$BC$6:$BC$53,INDEX(T_Equipos[Grupo],MATCH(BD22,T_Equipos[NombreEquipo],0))) -> 1 | CT22: =IF(COUNTIFS($CS$6:$CS$53,CS22,$BC$6:$BC$53,INDEX(T_Equipos[Grupo],MATCH(BD22,T_Equipos[NombreEquipo],0)))=1,"-","P."&CS22&" ("&COUNTIFS($CS$6:$CS$53,CS22,$BC$6:$BC$53,INDEX(T_Equipos[Grupo],MATCH(BD22,T_Equipos[NombreEquipo],0)))&")") -> - | CU22: =IF(CT22="-","-",BL22) -> - | CV22: =CS22+COUNTIFS($CT$6:$CT$53,CT22,$CU$6:CU$53,">"&CU22,$BC$6:$BC$53,INDEX(T_Equipos[Grupo],MATCH(BD22,T_Equipos[NombreEquipo],0))) -> 1 | CW22: =IF(COUNTIFS($CV$6:$CV$53,CV22,$BC$6:$BC$53,INDEX(T_Equipos[Grupo],MATCH(BD22,T_Equipos[NombreEquipo],0)))=1,"-","P."&CV22&" ("&COUNTIFS($CV$6:$CV$53,CV22,$BC$6:$BC$53,INDEX(T_Equipos[Grupo],MATCH(BD22,T_Equipos[NombreEquipo],0)))&")") -> - | CX22: =IF(CW22="-","-",BJ22) -> - | CY22: =CV22+COUNTIFS($CW$6:$CW$53,CW22,$CX$6:CX$53,">"&CX22,$BC$6:$BC$53,INDEX(T_Equipos[Grupo],MATCH(BD22,T_Equipos[NombreEquipo],0))) -> 1 | CZ22: =IF(COUNTIFS($CY$6:$CY$53,CY22,$BC$6:$BC$53,INDEX(T_Equipos[Grupo],MATCH(BD22,T_Equipos[NombreEquipo],0)))=1,"-","P."&CY22&" ("&COUNTIFS($CY$6:$CY$53,CY22,$BC$6:$BC$53,INDEX(T_Equipos[Grupo],MATCH(BD22,T_Equipos[NombreEquipo],0)))&")") -> - | DA22: =IF(CZ22="-","-",COUNTIFS(T_Equipos[Rank],"<"&INDEX(T_Equipos[Rank],MATCH(BD22,T_Equipos[NombreEquipo],0)),$BC$6:$BC$53,INDEX(T_Equipos[Grupo],MATCH(BD22,T_Equipos[NombreEquipo],0)))+1) -> - | DB22: =CY22+COUNTIFS($CZ$6:$CZ$53,CZ22,$DA$6:DA$53,"<"&DA22,$BC$6:$BC$53,INDEX(T_Equipos[Grupo],MATCH(BD22,T_Equipos[NombreEquipo],0))) -> 1 | DD22: =IF(OR(INDEX($AW$6:$AW$97,MATCH($BD22,$AV$6:$AV$97,0))="",CZ22="-"),DB22,INDEX($AW$6:$AW$97,MATCH($BD22,$AV$6:$AV$97,0))+DB22/1000) -> 1 | DE22: =IF(CZ22="-","-",COUNTIFS(DD$6:DD$53,"<"&DD22,$BC$6:$BC$53,INDEX(T_Equipos[Grupo],MATCH(BD22,T_Equipos[NombreEquipo],0)))) -> - | DF22: =CY22+COUNTIFS(CZ$6:CZ$53,CZ22,DE$6:DE$53,"<"&DE22,$BC$6:$BC$53,INDEX(T_Equipos[Grupo],MATCH(BD22,T_Equipos[NombreEquipo],0))) -> 1 | DH22: =INDEX($CY$6:$CY$53,MATCH($DO22,$BD$6:$BD$53,0)) -> 1 | DI22: =+SUMIF($BC$6:$BC$53,BC22,$BF$6:$BF$53) -> 12 | DJ22: =IF(OR(DI22=12,$AJ$99=144),COUNTIFS($DH$6:$DH$53,DH22,$BC$6:$BC$53,BC22),1) -> 1 | DK22: =DH22&"."&DJ22 -> 1.1 | DL22: {=OFFSET(Horarios!$P$3,DH22-1,0,DJ22,1)} -> 1 | DN22: 1E | DO22: =INDEX($BD$6:$BD$53,MATCH(DN22,$BM$6:$BM$53,0)) -> Alemania
A23: =+Equipos!B12 -> Haití | D23: =IF(OR(AC23="",AD23=""),"Pendiente",IF(AC23>AD23,"Local",IF(AC23<AD23,"Visitante","Empate"))) -> Local | E23: =IF(D23="Pendiente","-",INDEX($BR$6:$BR$53,MATCH($AA23,$BD$6:$BD$53,0))) -> - | F23: =IF(D23="Pendiente","-",INDEX($BR$6:$BR$53,MATCH($AF23,$BD$6:$BD$53,0))) -> - | H23: =IF(D23="Pendiente","-",INDEX($BX$6:$BX$53,MATCH($AA23,$BD$6:$BD$53,0))) -> - | I23: =IF(D23="Pendiente","-",INDEX($BX$6:$BX$53,MATCH($AF23,$BD$6:$BD$53,0))) -> - | K23: =IF(D23="Pendiente","-",INDEX($CC$6:$CC$53,MATCH($AA23,$BD$6:$BD$53,0))) -> - | L23: =IF(D23="Pendiente","-",INDEX($CC$6:$CC$53,MATCH($AF23,$BD$6:$BD$53,0))) -> - | N23: =IF(D23="Pendiente","-",INDEX($CF$6:$CF$53,MATCH($AA23,$BD$6:$BD$53,0))) -> - | O23: =IF(D23="Pendiente","-",INDEX($CF$6:$CF$53,MATCH($AF23,$BD$6:$BD$53,0))) -> - | Q23: =IF(D23="Pendiente","-",INDEX($CL$6:$CL$53,MATCH($AA23,$BD$6:$BD$53,0))) -> - | R23: =IF(D23="Pendiente","-",INDEX($CL$6:$CL$53,MATCH($AF23,$BD$6:$BD$53,0))) -> - | T23: =IF(D23="Pendiente","-",INDEX($CQ$6:$CQ$53,MATCH($AA23,$BD$6:$BD$53,0))) -> - | U23: =IF(D23="Pendiente","-",INDEX($CQ$6:$CQ$53,MATCH($AF23,$BD$6:$BD$53,0))) -> - | X23: =Horarios!C23 -> 46193.125 | Y23: =Horarios!C23 -> 46193.125 | Z23: =$Z$6 -> J2 | AA23: =A21 -> Brasil | AB23: =+INDEX(Equipos!$L$2:$L$49,MATCH(WORLDCUP!AA23,Equipos!$K$2:$K$49,0)) -> 🇧🇷 | AC23: 3 | AD23: 1 | AE23: =+INDEX(Equipos!$L$2:$L$49,MATCH(WORLDCUP!AF23,Equipos!$K$2:$K$49,0)) -> 🇭🇹 | AF23: =A23 -> Haití | AG23: =IF(NOT(OR(ISBLANK(AC23),ISBLANK(AD23))),1,0) -> 1 | AH23: 30 | AI23: =AJ23&$B$20 -> 2C | AJ23: 2 | AK23: =+INDEX(Equipos!$L$2:$L$49,MATCH(WORLDCUP!AL23,Equipos!$K$2:$K$49,0)) -> 🇲🇦 | AL23: =IFERROR(INDEX($BD$6:$BD$53,MATCH(AI23,$BN$6:$BN$53,0)),"") -> Marruecos | AM23: =INDEX($BE$6:$BN$53,MATCH($AL23,$BD$6:$BD$53,0),MATCH(AM$5,$BE$5:$BN$5,0)) -> 6 | AN23: =INDEX($BE$6:$BN$53,MATCH($AL23,$BD$6:$BD$53,0),MATCH(AN$5,$BE$5:$BN$5,0)) -> 3 | AO23: =INDEX($BE$6:$BN$53,MATCH($AL23,$BD$6:$BD$53,0),MATCH(AO$5,$BE$5:$BN$5,0)) -> 2 | AP23: =INDEX($BE$6:$BN$53,MATCH($AL23,$BD$6:$BD$53,0),MATCH(AP$5,$BE$5:$BN$5,0)) -> 0 | AQ23: =INDEX($BE$6:$BN$53,MATCH($AL23,$BD$6:$BD$53,0),MATCH(AQ$5,$BE$5:$BN$5,0)) -> 1 | AR23: =INDEX($BE$6:$BN$53,MATCH($AL23,$BD$6:$BD$53,0),MATCH(AR$5,$BE$5:$BN$5,0)) -> 3 | AS23: =INDEX($BE$6:$BN$53,MATCH($AL23,$BD$6:$BD$53,0),MATCH(AS$5,$BE$5:$BN$5,0)) -> 2 | AT23: =INDEX($BE$6:$BN$53,MATCH($AL23,$BD$6:$BD$53,0),MATCH(AT$5,$BE$5:$BN$5,0)) -> 1 | AU23: =INDEX($DJ$6:$DJ$53,MATCH(AI23,$DN$6:$DN$53,0)) -> 1 | AV23: =INDEX($BD$6:$BD$53,MATCH(AI23,$BM$6:$BM$53,0)) -> Marruecos | AW23: 3 | AY23: =+A22 -> Marruecos | BC23: =+INDEX(T_Equipos[Grupo],MATCH(WORLDCUP!BD23,T_Equipos[NombreEquipo],0)) -> E | BD23: =+Equipos!B19 -> Curazao | BE23: =+BG23*3+BH23+IF($AZ$3="No",0,INDEX($AZ$6:$AZ$97,MATCH(BD23,$AY$6:$AY$97,0))) -> 1 | BF23: =+BG23+BH23+BI23 -> 3 | BG23: =+COUNTIFS(FGLocal,BD23,Ganador,"Local")+COUNTIFS(FGVisitante,BD23,Ganador,"Visitante") -> 0 | BH23: =+COUNTIFS(FGLocal,BD23,Ganador,"Empate")+COUNTIFS(FGVisitante,BD23,Ganador,"Empate") -> 1 | BI23: =+COUNTIFS(FGVisitante,BD23,Ganador,"Local")+COUNTIFS(FGLocal,BD23,Ganador,"Visitante") -> 2 | BJ23: =+SUMIFS(FG_GolesLocal,FGLocal,BD23,Ganador,"<>"&"Pendiente",FG_GolesLocal,"<>"&"",FG_GolesVisitante,"<>"&"")+SUMIFS(FG_GolesVisitante,FGVisitante,BD23,Ganador,"<>"&"Pendiente",FG_GolesLocal,"<>"&"",FG_GolesVisitante,"<>"&"") -> 0 | BK23: =+SUMIFS(FG_GolesLocal,FGVisitante,BD23,Ganador,"<>"&"Pendiente",FG_GolesLocal,"<>"&"",FG_GolesVisitante,"<>"&"")+SUMIFS(FG_GolesVisitante,FGLocal,BD23,Ganador,"<>"&"Pendiente",FG_GolesLocal,"<>"&"",FG_GolesVisitante,"<>"&"") -> 5 | BL23: =+BJ23-BK23 -> -5 | BM23: =DB23&BC23 -> 3E | BN23: =DF23&BC23 -> 3E | BP23: =+BE23 -> 1 | BQ23: =COUNTIFS($BE$6:$BE$53,">"&BE23,$BC$6:$BC$53,INDEX(T_Equipos[Grupo],MATCH(BD23,T_Equipos[NombreEquipo],0)))+1 -> 3 | BR23: =IF(COUNTIFS($BQ$6:$BQ$53,BQ23,$BC$6:$BC$53,INDEX(T_Equipos[Grupo],MATCH(BD23,T_Equipos[NombreEquipo],0)))=1,"-","P."&BQ23&" ("&COUNTIFS($BQ$6:$BQ$53,BQ23,$BC$6:$BC$53,INDEX(T_Equipos[Grupo],MATCH(BD23,T_Equipos[NombreEquipo],0)))&")") -> P.3 (2) | BS23: =IF($BR23="-","-",COUNTIFS(FGLocal,$BD23,Ganador,"Local",Part1Empate1V,$BR23)+COUNTIFS(FGVisitante,$BD23,Ganador,"Visitante",Part1Empate1L,$BR23)) -> 0 | BT23: =IF($BR23="-","-",COUNTIFS(FGLocal,$BD23,Ganador,"Empate",Part1Empate1V,$BR23)+COUNTIFS(FGVisitante,$BD23,Ganador,"Empate",Part1Empate1L,$BR23)) -> 1 | BU23: =IF($BR23="-","-",COUNTIFS(FGLocal,$BD23,Ganador,"Visitante",Part1Empate1V,$BR23)+COUNTIFS(FGVisitante,$BD23,Ganador,"Local",Part1Empate1L,$BR23)) -> 0 | BV23: =IF($BR23="-","-",BS23*3+BT23) -> 1 | BW23: =BQ23+COUNTIFS($BR$6:$BR$53,BR23,$BV$6:BV$53,">"&BV23,$BC$6:$BC$53,INDEX(T_Equipos[Grupo],MATCH(BD23,T_Equipos[NombreEquipo],0))) -> 3 | BX23: =IF(COUNTIFS($BW$6:$BW$53,BW23,$BC$6:$BC$53,INDEX(T_Equipos[Grupo],MATCH(BD23,T_Equipos[NombreEquipo],0)))=1,"-","P."&BW23&" ("&COUNTIFS($BW$6:$BW$53,BW23,$BC$6:$BC$53,INDEX(T_Equipos[Grupo],MATCH(BD23,T_Equipos[NombreEquipo],0)))&")") -> P.3 (2) | BY23: =IF($BX23="-","-",SUMIFS(FG_GolesLocal,FGLocal,$BD23,Part1Empate2V,$BX23)+SUMIFS(FG_GolesVisitante,FGVisitante,$BD23,Part1Empate2L,$BX23)) -> 0 | BZ23: =IF($BX23="-","-",SUMIFS(FG_GolesVisitante,FGLocal,$BD23,Part1Empate2V,$BX23)+SUMIFS(FG_GolesLocal,FGVisitante,$BD23,Part1Empate2L,$BX23)) -> 0 | CA23: =IF($BX23="-","-",BY23-BZ23) -> 0 | CB23: =BW23+COUNTIFS($BX$6:$BX$53,BX23,$CA$6:CA$53,">"&CA23,$BC$6:$BC$53,INDEX(T_Equipos[Grupo],MATCH(BD23,T_Equipos[NombreEquipo],0))) -> 3 | CC23: =IF(COUNTIFS($CB$6:$CB$53,CB23,$BC$6:$BC$53,INDEX(T_Equipos[Grupo],MATCH(BD23,T_Equipos[NombreEquipo],0)))=1,"-","P."&CB23&" ("&COUNTIFS($CB$6:$CB$53,CB23,$BC$6:$BC$53,INDEX(T_Equipos[Grupo],MATCH(BD23,T_Equipos[NombreEquipo],0)))&")") -> P.3 (2) | CD23: =IF($CC23="-","-",SUMIFS(FG_GolesLocal,FGLocal,$BD23,Part1Empate3V,$CC23)+SUMIFS(FG_GolesVisitante,FGVisitante,$BD23,Part1Empate3L,$CC23)) -> 0 | CE23: =CB23+COUNTIFS($CC$6:$CC$53,CC23,$CD$6:CD$53,">"&CD23,$BC$6:$BC$53,INDEX(T_Equipos[Grupo],MATCH(BD23,T_Equipos[NombreEquipo],0))) -> 3 | CF23: =IF(COUNTIFS($CE$6:$CE$53,CE23,$BC$6:$BC$53,INDEX(T_Equipos[Grupo],MATCH(BD23,T_Equipos[NombreEquipo],0)))=1,"-","P."&CE23&" ("&COUNTIFS($CE$6:$CE$53,CE23,$BC$6:$BC$53,INDEX(T_Equipos[Grupo],MATCH(BD23,T_Equipos[NombreEquipo],0)))&")") -> P.3 (2) | CG23: =IF($CF23="-","-",COUNTIFS(FGLocal,$BD23,Ganador,"Local",Part2Empate4V,$CF23)+COUNTIFS(FGVisitante,$BD23,Ganador,"Visitante",Part2Empate4L,$CF23)) -> 0 | CH23: =IF($CF23="-","-",COUNTIFS(FGLocal,$BD23,Ganador,"Empate",Part2Empate4V,$CF23)+COUNTIFS(FGVisitante,$BD23,Ganador,"Empate",Part2Empate4L,$CF23)) -> 1 | CI23: =IF($CF23="-","-",COUNTIFS(FGLocal,$BD23,Ganador,"Visitante",Part2Empate4V,$CF23)+COUNTIFS(FGVisitante,$BD23,Ganador,"Local",Part2Empate4L,$CF23)) -> 0 | CJ23: =IF($CF23="-","-",CG23*3+CH23) -> 1 | CK23: =CE23+COUNTIFS($CF$6:$CF$53,CF23,$CJ$6:CJ$53,">"&CJ23,$BC$6:$BC$53,INDEX(T_Equipos[Grupo],MATCH(BD23,T_Equipos[NombreEquipo],0))) -> 3 | CL23: =IF(COUNTIFS($CK$6:$CK$53,CK23,$BC$6:$BC$53,INDEX(T_Equipos[Grupo],MATCH(BD23,T_Equipos[NombreEquipo],0)))=1,"-","P."&CK23&" ("&COUNTIFS($CK$6:$CK$53,CK23,$BC$6:$BC$53,INDEX(T_Equipos[Grupo],MATCH(BD23,T_Equipos[NombreEquipo],0)))&")") -> P.3 (2) | CM23: =IF($CL23="-","-",SUMIFS(FG_GolesLocal,FGLocal,$BD23,Part2Empate5V,$CL23)+SUMIFS(FG_GolesVisitante,FGVisitante,$BD23,Part2Empate5L,$CL23)) -> 0 | CN23: =IF($CL23="-","-",SUMIFS(FG_GolesVisitante,FGLocal,$BD23,Part2Empate5V,$CL23)+SUMIFS(FG_GolesLocal,FGVisitante,$BD23,Part2Empate5L,$CL23)) -> 0 | CO23: =IF($CL23="-","-",CM23-CN23) -> 0 | CP23: =CK23+COUNTIFS($CL$6:$CL$53,CL23,$CO$6:CO$53,">"&CO23,$BC$6:$BC$53,INDEX(T_Equipos[Grupo],MATCH(BD23,T_Equipos[NombreEquipo],0))) -> 3 | CQ23: =IF(COUNTIFS($CP$6:$CP$53,CP23,$BC$6:$BC$53,INDEX(T_Equipos[Grupo],MATCH(BD23,T_Equipos[NombreEquipo],0)))=1,"-","P."&CP23&" ("&COUNTIFS($CP$6:$CP$53,CP23,$BC$6:$BC$53,INDEX(T_Equipos[Grupo],MATCH(BD23,T_Equipos[NombreEquipo],0)))&")") -> P.3 (2) | CR23: =IF($CQ23="-","-",SUMIFS(FG_GolesLocal,FGLocal,$BD23,Part2Empate6V,$CQ23)+SUMIFS(FG_GolesVisitante,FGVisitante,$BD23,Part2Empate6L,$CQ23)) -> 0 | CS23: =CP23+COUNTIFS($CQ$6:$CQ$53,CQ23,$CR$6:CR$53,">"&CR23,$BC$6:$BC$53,INDEX(T_Equipos[Grupo],MATCH(BD23,T_Equipos[NombreEquipo],0))) -> 3 | CT23: =IF(COUNTIFS($CS$6:$CS$53,CS23,$BC$6:$BC$53,INDEX(T_Equipos[Grupo],MATCH(BD23,T_Equipos[NombreEquipo],0)))=1,"-","P."&CS23&" ("&COUNTIFS($CS$6:$CS$53,CS23,$BC$6:$BC$53,INDEX(T_Equipos[Grupo],MATCH(BD23,T_Equipos[NombreEquipo],0)))&")") -> P.3 (2) | CU23: =IF(CT23="-","-",BL23) -> -5 | CV23: =CS23+COUNTIFS($CT$6:$CT$53,CT23,$CU$6:CU$53,">"&CU23,$BC$6:$BC$53,INDEX(T_Equipos[Grupo],MATCH(BD23,T_Equipos[NombreEquipo],0))) -> 3 | CW23: =IF(COUNTIFS($CV$6:$CV$53,CV23,$BC$6:$BC$53,INDEX(T_Equipos[Grupo],MATCH(BD23,T_Equipos[NombreEquipo],0)))=1,"-","P."&CV23&" ("&COUNTIFS($CV$6:$CV$53,CV23,$BC$6:$BC$53,INDEX(T_Equipos[Grupo],MATCH(BD23,T_Equipos[NombreEquipo],0)))&")") -> P.3 (2) | CX23: =IF(CW23="-","-",BJ23) -> 0 | CY23: =CV23+COUNTIFS($CW$6:$CW$53,CW23,$CX$6:CX$53,">"&CX23,$BC$6:$BC$53,INDEX(T_Equipos[Grupo],MATCH(BD23,T_Equipos[NombreEquipo],0))) -> 3 | CZ23: =IF(COUNTIFS($CY$6:$CY$53,CY23,$BC$6:$BC$53,INDEX(T_Equipos[Grupo],MATCH(BD23,T_Equipos[NombreEquipo],0)))=1,"-","P."&CY23&" ("&COUNTIFS($CY$6:$CY$53,CY23,$BC$6:$BC$53,INDEX(T_Equipos[Grupo],MATCH(BD23,T_Equipos[NombreEquipo],0)))&")") -> P.3 (2) | DA23: =IF(CZ23="-","-",COUNTIFS(T_Equipos[Rank],"<"&INDEX(T_Equipos[Rank],MATCH(BD23,T_Equipos[NombreEquipo],0)),$BC$6:$BC$53,INDEX(T_Equipos[Grupo],MATCH(BD23,T_Equipos[NombreEquipo],0)))+1) -> 2 | DB23: =CY23+COUNTIFS($CZ$6:$CZ$53,CZ23,$DA$6:DA$53,"<"&DA23,$BC$6:$BC$53,INDEX(T_Equipos[Grupo],MATCH(BD23,T_Equipos[NombreEquipo],0))) -> 3 | DD23: =IF(OR(INDEX($AW$6:$AW$97,MATCH($BD23,$AV$6:$AV$97,0))="",CZ23="-"),DB23,INDEX($AW$6:$AW$97,MATCH($BD23,$AV$6:$AV$97,0))+DB23/1000) -> 3 | DE23: =IF(CZ23="-","-",COUNTIFS(DD$6:DD$53,"<"&DD23,$BC$6:$BC$53,INDEX(T_Equipos[Grupo],MATCH(BD23,T_Equipos[NombreEquipo],0)))) -> 2 | DF23: =CY23+COUNTIFS(CZ$6:CZ$53,CZ23,DE$6:DE$53,"<"&DE23,$BC$6:$BC$53,INDEX(T_Equipos[Grupo],MATCH(BD23,T_Equipos[NombreEquipo],0))) -> 3 | DH23: =INDEX($CY$6:$CY$53,MATCH($DO23,$BD$6:$BD$53,0)) -> 2 | DI23: =+SUMIF($BC$6:$BC$53,BC23,$BF$6:$BF$53) -> 12 | DJ23: =IF(OR(DI23=12,$AJ$99=144),COUNTIFS($DH$6:$DH$53,DH23,$BC$6:$BC$53,BC23),1) -> 1 | DK23: =DH23&"."&DJ23 -> 2.1 | DL23: {=OFFSET(Horarios!$P$3,DH23-1,0,DJ23,1)} -> 2 | DN23: 2E | DO23: =INDEX($BD$6:$BD$53,MATCH(DN23,$BM$6:$BM$53,0)) -> Ecuador
A24: =+Equipos!B13 -> Escocia | D24: =IF(OR(AC24="",AD24=""),"Pendiente",IF(AC24>AD24,"Local",IF(AC24<AD24,"Visitante","Empate"))) -> Visitante | E24: =IF(D24="Pendiente","-",INDEX($BR$6:$BR$53,MATCH($AA24,$BD$6:$BD$53,0))) -> - | F24: =IF(D24="Pendiente","-",INDEX($BR$6:$BR$53,MATCH($AF24,$BD$6:$BD$53,0))) -> - | H24: =IF(D24="Pendiente","-",INDEX($BX$6:$BX$53,MATCH($AA24,$BD$6:$BD$53,0))) -> - | I24: =IF(D24="Pendiente","-",INDEX($BX$6:$BX$53,MATCH($AF24,$BD$6:$BD$53,0))) -> - | K24: =IF(D24="Pendiente","-",INDEX($CC$6:$CC$53,MATCH($AA24,$BD$6:$BD$53,0))) -> - | L24: =IF(D24="Pendiente","-",INDEX($CC$6:$CC$53,MATCH($AF24,$BD$6:$BD$53,0))) -> - | N24: =IF(D24="Pendiente","-",INDEX($CF$6:$CF$53,MATCH($AA24,$BD$6:$BD$53,0))) -> - | O24: =IF(D24="Pendiente","-",INDEX($CF$6:$CF$53,MATCH($AF24,$BD$6:$BD$53,0))) -> - | Q24: =IF(D24="Pendiente","-",INDEX($CL$6:$CL$53,MATCH($AA24,$BD$6:$BD$53,0))) -> - | R24: =IF(D24="Pendiente","-",INDEX($CL$6:$CL$53,MATCH($AF24,$BD$6:$BD$53,0))) -> - | T24: =IF(D24="Pendiente","-",INDEX($CQ$6:$CQ$53,MATCH($AA24,$BD$6:$BD$53,0))) -> - | U24: =IF(D24="Pendiente","-",INDEX($CQ$6:$CQ$53,MATCH($AF24,$BD$6:$BD$53,0))) -> - | X24: =Horarios!C24 -> 46198 | Y24: =Horarios!C24 -> 46198 | Z24: =$Z$8 -> J3 | AA24: =A24 -> Escocia | AB24: =+INDEX(Equipos!$L$2:$L$49,MATCH(WORLDCUP!AA24,Equipos!$K$2:$K$49,0)) -> 🏴󠁧󠁢󠁳󠁣󠁴󠁿 | AC24: 0 | AD24: 1 | AE24: =+INDEX(Equipos!$L$2:$L$49,MATCH(WORLDCUP!AF24,Equipos!$K$2:$K$49,0)) -> 🇧🇷 | AF24: =A21 -> Brasil | AG24: =IF(NOT(OR(ISBLANK(AC24),ISBLANK(AD24))),1,0) -> 1 | AH24: 49 | AI24: =AJ24&$B$20 -> 3C | AJ24: 3 | AK24: =+INDEX(Equipos!$L$2:$L$49,MATCH(WORLDCUP!AL24,Equipos!$K$2:$K$49,0)) -> 🏴󠁧󠁢󠁳󠁣󠁴󠁿 | AL24: =IFERROR(INDEX($BD$6:$BD$53,MATCH(AI24,$BN$6:$BN$53,0)),"") -> Escocia | AM24: =INDEX($BE$6:$BN$53,MATCH($AL24,$BD$6:$BD$53,0),MATCH(AM$5,$BE$5:$BN$5,0)) -> 3 | AN24: =INDEX($BE$6:$BN$53,MATCH($AL24,$BD$6:$BD$53,0),MATCH(AN$5,$BE$5:$BN$5,0)) -> 3 | AO24: =INDEX($BE$6:$BN$53,MATCH($AL24,$BD$6:$BD$53,0),MATCH(AO$5,$BE$5:$BN$5,0)) -> 1 | AP24: =INDEX($BE$6:$BN$53,MATCH($AL24,$BD$6:$BD$53,0),MATCH(AP$5,$BE$5:$BN$5,0)) -> 0 | AQ24: =INDEX($BE$6:$BN$53,MATCH($AL24,$BD$6:$BD$53,0),MATCH(AQ$5,$BE$5:$BN$5,0)) -> 2 | AR24: =INDEX($BE$6:$BN$53,MATCH($AL24,$BD$6:$BD$53,0),MATCH(AR$5,$BE$5:$BN$5,0)) -> 2 | AS24: =INDEX($BE$6:$BN$53,MATCH($AL24,$BD$6:$BD$53,0),MATCH(AS$5,$BE$5:$BN$5,0)) -> 2 | AT24: =INDEX($BE$6:$BN$53,MATCH($AL24,$BD$6:$BD$53,0),MATCH(AT$5,$BE$5:$BN$5,0)) -> 0 | AU24: =INDEX($DJ$6:$DJ$53,MATCH(AI24,$DN$6:$DN$53,0)) -> 1 | AV24: =INDEX($BD$6:$BD$53,MATCH(AI24,$BM$6:$BM$53,0)) -> Escocia | AW24: 1 | AY24: =+A23 -> Haití | BC24: =+INDEX(T_Equipos[Grupo],MATCH(WORLDCUP!BD24,T_Equipos[NombreEquipo],0)) -> E | BD24: =+Equipos!B20 -> Costa de Marfil | BE24: =+BG24*3+BH24+IF($AZ$3="No",0,INDEX($AZ$6:$AZ$97,MATCH(BD24,$AY$6:$AY$97,0))) -> 1 | BF24: =+BG24+BH24+BI24 -> 3 | BG24: =+COUNTIFS(FGLocal,BD24,Ganador,"Local")+COUNTIFS(FGVisitante,BD24,Ganador,"Visitante") -> 0 | BH24: =+COUNTIFS(FGLocal,BD24,Ganador,"Empate")+COUNTIFS(FGVisitante,BD24,Ganador,"Empate") -> 1 | BI24: =+COUNTIFS(FGVisitante,BD24,Ganador,"Local")+COUNTIFS(FGLocal,BD24,Ganador,"Visitante") -> 2 | BJ24: =+SUMIFS(FG_GolesLocal,FGLocal,BD24,Ganador,"<>"&"Pendiente",FG_GolesLocal,"<>"&"",FG_GolesVisitante,"<>"&"")+SUMIFS(FG_GolesVisitante,FGVisitante,BD24,Ganador,"<>"&"Pendiente",FG_GolesLocal,"<>"&"",FG_GolesVisitante,"<>"&"") -> 0 | BK24: =+SUMIFS(FG_GolesLocal,FGVisitante,BD24,Ganador,"<>"&"Pendiente",FG_GolesLocal,"<>"&"",FG_GolesVisitante,"<>"&"")+SUMIFS(FG_GolesVisitante,FGLocal,BD24,Ganador,"<>"&"Pendiente",FG_GolesLocal,"<>"&"",FG_GolesVisitante,"<>"&"") -> 5 | BL24: =+BJ24-BK24 -> -5 | BM24: =DB24&BC24 -> 4E | BN24: =DF24&BC24 -> 4E | BP24: =+BE24 -> 1 | BQ24: =COUNTIFS($BE$6:$BE$53,">"&BE24,$BC$6:$BC$53,INDEX(T_Equipos[Grupo],MATCH(BD24,T_Equipos[NombreEquipo],0)))+1 -> 3 | BR24: =IF(COUNTIFS($BQ$6:$BQ$53,BQ24,$BC$6:$BC$53,INDEX(T_Equipos[Grupo],MATCH(BD24,T_Equipos[NombreEquipo],0)))=1,"-","P."&BQ24&" ("&COUNTIFS($BQ$6:$BQ$53,BQ24,$BC$6:$BC$53,INDEX(T_Equipos[Grupo],MATCH(BD24,T_Equipos[NombreEquipo],0)))&")") -> P.3 (2) | BS24: =IF($BR24="-","-",COUNTIFS(FGLocal,$BD24,Ganador,"Local",Part1Empate1V,$BR24)+COUNTIFS(FGVisitante,$BD24,Ganador,"Visitante",Part1Empate1L,$BR24)) -> 0 | BT24: =IF($BR24="-","-",COUNTIFS(FGLocal,$BD24,Ganador,"Empate",Part1Empate1V,$BR24)+COUNTIFS(FGVisitante,$BD24,Ganador,"Empate",Part1Empate1L,$BR24)) -> 1 | BU24: =IF($BR24="-","-",COUNTIFS(FGLocal,$BD24,Ganador,"Visitante",Part1Empate1V,$BR24)+COUNTIFS(FGVisitante,$BD24,Ganador,"Local",Part1Empate1L,$BR24)) -> 0 | BV24: =IF($BR24="-","-",BS24*3+BT24) -> 1 | BW24: =BQ24+COUNTIFS($BR$6:$BR$53,BR24,$BV$6:BV$53,">"&BV24,$BC$6:$BC$53,INDEX(T_Equipos[Grupo],MATCH(BD24,T_Equipos[NombreEquipo],0))) -> 3 | BX24: =IF(COUNTIFS($BW$6:$BW$53,BW24,$BC$6:$BC$53,INDEX(T_Equipos[Grupo],MATCH(BD24,T_Equipos[NombreEquipo],0)))=1,"-","P."&BW24&" ("&COUNTIFS($BW$6:$BW$53,BW24,$BC$6:$BC$53,INDEX(T_Equipos[Grupo],MATCH(BD24,T_Equipos[NombreEquipo],0)))&")") -> P.3 (2) | BY24: =IF($BX24="-","-",SUMIFS(FG_GolesLocal,FGLocal,$BD24,Part1Empate2V,$BX24)+SUMIFS(FG_GolesVisitante,FGVisitante,$BD24,Part1Empate2L,$BX24)) -> 0 | BZ24: =IF($BX24="-","-",SUMIFS(FG_GolesVisitante,FGLocal,$BD24,Part1Empate2V,$BX24)+SUMIFS(FG_GolesLocal,FGVisitante,$BD24,Part1Empate2L,$BX24)) -> 0 | CA24: =IF($BX24="-","-",BY24-BZ24) -> 0 | CB24: =BW24+COUNTIFS($BX$6:$BX$53,BX24,$CA$6:CA$53,">"&CA24,$BC$6:$BC$53,INDEX(T_Equipos[Grupo],MATCH(BD24,T_Equipos[NombreEquipo],0))) -> 3 | CC24: =IF(COUNTIFS($CB$6:$CB$53,CB24,$BC$6:$BC$53,INDEX(T_Equipos[Grupo],MATCH(BD24,T_Equipos[NombreEquipo],0)))=1,"-","P."&CB24&" ("&COUNTIFS($CB$6:$CB$53,CB24,$BC$6:$BC$53,INDEX(T_Equipos[Grupo],MATCH(BD24,T_Equipos[NombreEquipo],0)))&")") -> P.3 (2) | CD24: =IF($CC24="-","-",SUMIFS(FG_GolesLocal,FGLocal,$BD24,Part1Empate3V,$CC24)+SUMIFS(FG_GolesVisitante,FGVisitante,$BD24,Part1Empate3L,$CC24)) -> 0 | CE24: =CB24+COUNTIFS($CC$6:$CC$53,CC24,$CD$6:CD$53,">"&CD24,$BC$6:$BC$53,INDEX(T_Equipos[Grupo],MATCH(BD24,T_Equipos[NombreEquipo],0))) -> 3 | CF24: =IF(COUNTIFS($CE$6:$CE$53,CE24,$BC$6:$BC$53,INDEX(T_Equipos[Grupo],MATCH(BD24,T_Equipos[NombreEquipo],0)))=1,"-","P."&CE24&" ("&COUNTIFS($CE$6:$CE$53,CE24,$BC$6:$BC$53,INDEX(T_Equipos[Grupo],MATCH(BD24,T_Equipos[NombreEquipo],0)))&")") -> P.3 (2) | CG24: =IF($CF24="-","-",COUNTIFS(FGLocal,$BD24,Ganador,"Local",Part2Empate4V,$CF24)+COUNTIFS(FGVisitante,$BD24,Ganador,"Visitante",Part2Empate4L,$CF24)) -> 0 | CH24: =IF($CF24="-","-",COUNTIFS(FGLocal,$BD24,Ganador,"Empate",Part2Empate4V,$CF24)+COUNTIFS(FGVisitante,$BD24,Ganador,"Empate",Part2Empate4L,$CF24)) -> 1 | CI24: =IF($CF24="-","-",COUNTIFS(FGLocal,$BD24,Ganador,"Visitante",Part2Empate4V,$CF24)+COUNTIFS(FGVisitante,$BD24,Ganador,"Local",Part2Empate4L,$CF24)) -> 0 | CJ24: =IF($CF24="-","-",CG24*3+CH24) -> 1 | CK24: =CE24+COUNTIFS($CF$6:$CF$53,CF24,$CJ$6:CJ$53,">"&CJ24,$BC$6:$BC$53,INDEX(T_Equipos[Grupo],MATCH(BD24,T_Equipos[NombreEquipo],0))) -> 3 | CL24: =IF(COUNTIFS($CK$6:$CK$53,CK24,$BC$6:$BC$53,INDEX(T_Equipos[Grupo],MATCH(BD24,T_Equipos[NombreEquipo],0)))=1,"-","P."&CK24&" ("&COUNTIFS($CK$6:$CK$53,CK24,$BC$6:$BC$53,INDEX(T_Equipos[Grupo],MATCH(BD24,T_Equipos[NombreEquipo],0)))&")") -> P.3 (2) | CM24: =IF($CL24="-","-",SUMIFS(FG_GolesLocal,FGLocal,$BD24,Part2Empate5V,$CL24)+SUMIFS(FG_GolesVisitante,FGVisitante,$BD24,Part2Empate5L,$CL24)) -> 0 | CN24: =IF($CL24="-","-",SUMIFS(FG_GolesVisitante,FGLocal,$BD24,Part2Empate5V,$CL24)+SUMIFS(FG_GolesLocal,FGVisitante,$BD24,Part2Empate5L,$CL24)) -> 0 | CO24: =IF($CL24="-","-",CM24-CN24) -> 0 | CP24: =CK24+COUNTIFS($CL$6:$CL$53,CL24,$CO$6:CO$53,">"&CO24,$BC$6:$BC$53,INDEX(T_Equipos[Grupo],MATCH(BD24,T_Equipos[NombreEquipo],0))) -> 3 | CQ24: =IF(COUNTIFS($CP$6:$CP$53,CP24,$BC$6:$BC$53,INDEX(T_Equipos[Grupo],MATCH(BD24,T_Equipos[NombreEquipo],0)))=1,"-","P."&CP24&" ("&COUNTIFS($CP$6:$CP$53,CP24,$BC$6:$BC$53,INDEX(T_Equipos[Grupo],MATCH(BD24,T_Equipos[NombreEquipo],0)))&")") -> P.3 (2) | CR24: =IF($CQ24="-","-",SUMIFS(FG_GolesLocal,FGLocal,$BD24,Part2Empate6V,$CQ24)+SUMIFS(FG_GolesVisitante,FGVisitante,$BD24,Part2Empate6L,$CQ24)) -> 0 | CS24: =CP24+COUNTIFS($CQ$6:$CQ$53,CQ24,$CR$6:CR$53,">"&CR24,$BC$6:$BC$53,INDEX(T_Equipos[Grupo],MATCH(BD24,T_Equipos[NombreEquipo],0))) -> 3 | CT24: =IF(COUNTIFS($CS$6:$CS$53,CS24,$BC$6:$BC$53,INDEX(T_Equipos[Grupo],MATCH(BD24,T_Equipos[NombreEquipo],0)))=1,"-","P."&CS24&" ("&COUNTIFS($CS$6:$CS$53,CS24,$BC$6:$BC$53,INDEX(T_Equipos[Grupo],MATCH(BD24,T_Equipos[NombreEquipo],0)))&")") -> P.3 (2) | CU24: =IF(CT24="-","-",BL24) -> -5 | CV24: =CS24+COUNTIFS($CT$6:$CT$53,CT24,$CU$6:CU$53,">"&CU24,$BC$6:$BC$53,INDEX(T_Equipos[Grupo],MATCH(BD24,T_Equipos[NombreEquipo],0))) -> 3 | CW24: =IF(COUNTIFS($CV$6:$CV$53,CV24,$BC$6:$BC$53,INDEX(T_Equipos[Grupo],MATCH(BD24,T_Equipos[NombreEquipo],0)))=1,"-","P."&CV24&" ("&COUNTIFS($CV$6:$CV$53,CV24,$BC$6:$BC$53,INDEX(T_Equipos[Grupo],MATCH(BD24,T_Equipos[NombreEquipo],0)))&")") -> P.3 (2) | CX24: =IF(CW24="-","-",BJ24) -> 0 | CY24: =CV24+COUNTIFS($CW$6:$CW$53,CW24,$CX$6:CX$53,">"&CX24,$BC$6:$BC$53,INDEX(T_Equipos[Grupo],MATCH(BD24,T_Equipos[NombreEquipo],0))) -> 3 | CZ24: =IF(COUNTIFS($CY$6:$CY$53,CY24,$BC$6:$BC$53,INDEX(T_Equipos[Grupo],MATCH(BD24,T_Equipos[NombreEquipo],0)))=1,"-","P."&CY24&" ("&COUNTIFS($CY$6:$CY$53,CY24,$BC$6:$BC$53,INDEX(T_Equipos[Grupo],MATCH(BD24,T_Equipos[NombreEquipo],0)))&")") -> P.3 (2) | DA24: =IF(CZ24="-","-",COUNTIFS(T_Equipos[Rank],"<"&INDEX(T_Equipos[Rank],MATCH(BD24,T_Equipos[NombreEquipo],0)),$BC$6:$BC$53,INDEX(T_Equipos[Grupo],MATCH(BD24,T_Equipos[NombreEquipo],0)))+1) -> 3 | DB24: =CY24+COUNTIFS($CZ$6:$CZ$53,CZ24,$DA$6:DA$53,"<"&DA24,$BC$6:$BC$53,INDEX(T_Equipos[Grupo],MATCH(BD24,T_Equipos[NombreEquipo],0))) -> 4 | DD24: =IF(OR(INDEX($AW$6:$AW$97,MATCH($BD24,$AV$6:$AV$97,0))="",CZ24="-"),DB24,INDEX($AW$6:$AW$97,MATCH($BD24,$AV$6:$AV$97,0))+DB24/1000) -> 4 | DE24: =IF(CZ24="-","-",COUNTIFS(DD$6:DD$53,"<"&DD24,$BC$6:$BC$53,INDEX(T_Equipos[Grupo],MATCH(BD24,T_Equipos[NombreEquipo],0)))) -> 3 | DF24: =CY24+COUNTIFS(CZ$6:CZ$53,CZ24,DE$6:DE$53,"<"&DE24,$BC$6:$BC$53,INDEX(T_Equipos[Grupo],MATCH(BD24,T_Equipos[NombreEquipo],0))) -> 4 | DH24: =INDEX($CY$6:$CY$53,MATCH($DO24,$BD$6:$BD$53,0)) -> 3 | DI24: =+SUMIF($BC$6:$BC$53,BC24,$BF$6:$BF$53) -> 12 | DJ24: =IF(OR(DI24=12,$AJ$99=144),COUNTIFS($DH$6:$DH$53,DH24,$BC$6:$BC$53,BC24),1) -> 2 | DK24: =DH24&"."&DJ24 -> 3.2 | DL24: {=OFFSET(Horarios!$P$3,DH24-1,0,DJ24,1)} -> #VALUE! | DN24: 3E | DO24: =INDEX($BD$6:$BD$53,MATCH(DN24,$BM$6:$BM$53,0)) -> Curazao
